field_path,card_source,classification,target_table,batch,status,note
_frame_id,free_stage_card_16zhong_gate.json,Unclassified,TBD,?,registered,
_projection_note,free_stage_card_16zhong_gate.json,Unclassified,TBD,?,registered,
_projection_of,free_stage_card_16zhong_gate.json,Unclassified,TBD,?,registered,
_view,free_stage_card_16zhong_gate.json,Unclassified,TBD,?,registered,
ambient_stage,free_stage_card_16zhong_gate.json,Storylet,node_contracts,D,registered,
ambient_stage.奶茶店门口,free_stage_card_16zhong_gate.json,Storylet,node_contracts,D,registered,
ambient_stage.暗处,free_stage_card_16zhong_gate.json,Storylet,node_contracts,D,registered,
ambient_stage.校门,free_stage_card_16zhong_gate.json,Storylet,node_contracts,D,registered,
ambient_stage.路边,free_stage_card_16zhong_gate.json,Storylet,node_contracts,D,registered,
autonomous_decisions,free_stage_card_16zhong_gate.json,Storylet,node_contracts,D,registered,
autonomous_decisions[],free_stage_card_16zhong_gate.json,Storylet,node_contracts,D,registered,
autonomous_decisions[].actor_cons,free_stage_card_16zhong_gate.json,Unclassified,TBD,?,registered,
autonomous_decisions[].after_must_happen,free_stage_card_16zhong_gate.json,Unclassified,TBD,?,registered,
autonomous_decisions[].after_must_happen[],free_stage_card_16zhong_gate.json,Unclassified,TBD,?,registered,
autonomous_decisions[].decision_id,free_stage_card_16zhong_gate.json,Unclassified,TBD,?,registered,
autonomous_decisions[].outcome_branch_progress,free_stage_card_16zhong_gate.json,Unclassified,TBD,?,registered,
autonomous_decisions[].outcome_branch_progress.alternative,free_stage_card_16zhong_gate.json,Unclassified,TBD,?,registered,
autonomous_decisions[].outcome_branch_progress.alternative[],free_stage_card_16zhong_gate.json,Unclassified,TBD,?,registered,
autonomous_decisions[].outcome_branch_progress.defer,free_stage_card_16zhong_gate.json,Unclassified,TBD,?,registered,
autonomous_decisions[].outcome_branch_progress.defer[],free_stage_card_16zhong_gate.json,Unclassified,TBD,?,registered,
autonomous_decisions[].outcome_branch_progress.leave,free_stage_card_16zhong_gate.json,Unclassified,TBD,?,registered,
autonomous_decisions[].outcome_branch_progress.leave[],free_stage_card_16zhong_gate.json,Unclassified,TBD,?,registered,
autonomous_decisions[].requires_branch_progress,free_stage_card_16zhong_gate.json,Unclassified,TBD,?,registered,
autonomous_decisions[].requires_branch_progress[],free_stage_card_16zhong_gate.json,Unclassified,TBD,?,registered,
autonomous_decisions[].situation,free_stage_card_16zhong_gate.json,Unclassified,TBD,?,registered,
autonomous_decisions[].valid_outcomes,free_stage_card_16zhong_gate.json,Unclassified,TBD,?,registered,
autonomous_decisions[].valid_outcomes[],free_stage_card_16zhong_gate.json,Unclassified,TBD,?,registered,
blurb,free_stage_card_16zhong_gate.json,Storylet,node_contracts,D,registered,
branch_points,free_stage_card_16zhong_gate.json,Storylet,node_contracts,D,registered,
branch_points[],free_stage_card_16zhong_gate.json,Storylet,node_contracts,D,registered,
branch_points[].id,free_stage_card_16zhong_gate.json,Unclassified,TBD,?,registered,
branch_points[].keywords,free_stage_card_16zhong_gate.json,Unclassified,TBD,?,registered,
branch_points[].keywords.negative,free_stage_card_16zhong_gate.json,Unclassified,TBD,?,registered,
branch_points[].keywords.negative[],free_stage_card_16zhong_gate.json,Unclassified,TBD,?,registered,
branch_points[].keywords.positive,free_stage_card_16zhong_gate.json,Unclassified,TBD,?,registered,
branch_points[].keywords.positive[],free_stage_card_16zhong_gate.json,Unclassified,TBD,?,registered,
branch_points[].trigger,free_stage_card_16zhong_gate.json,Unclassified,TBD,?,registered,
branch_rules,free_stage_card_16zhong_gate.json,Storylet,node_contracts,D,registered,
branch_rules.intervene,free_stage_card_16zhong_gate.json,Storylet,node_contracts,D,registered,
branch_rules.intervene[],free_stage_card_16zhong_gate.json,Storylet,node_contracts,D,registered,
branch_rules.watch,free_stage_card_16zhong_gate.json,Storylet,node_contracts,D,registered,
branch_rules.watch[],free_stage_card_16zhong_gate.json,Storylet,node_contracts,D,registered,
canon_performance,free_stage_card_16zhong_gate.json,Storylet,node_contracts,D,registered,
canon_performance.schema_version,free_stage_card_16zhong_gate.json,Storylet,node_contracts,D,registered,
canon_performance.segments,free_stage_card_16zhong_gate.json,Storylet,node_contracts,D,registered,
canon_performance.segments[],free_stage_card_16zhong_gate.json,Storylet,node_contracts,D,registered,
canon_performance.segments[].canon_src,free_stage_card_16zhong_gate.json,Storylet,node_contracts,D,registered,
canon_performance.segments[].completes,free_stage_card_16zhong_gate.json,Storylet,node_contracts,D,registered,
canon_performance.segments[].completes[],free_stage_card_16zhong_gate.json,Storylet,node_contracts,D,registered,
canon_performance.segments[].event_uid,free_stage_card_16zhong_gate.json,Storylet,node_contracts,D,registered,
canon_performance.segments[].interrupt_after,free_stage_card_16zhong_gate.json,Storylet,node_contracts,D,registered,
canon_performance.segments[].scene_uid,free_stage_card_16zhong_gate.json,Storylet,node_contracts,D,registered,
canon_performance.segments[].segment_id,free_stage_card_16zhong_gate.json,Storylet,node_contracts,D,registered,
canon_performance.segments[].trigger,free_stage_card_16zhong_gate.json,Storylet,node_contracts,D,registered,
canon_performance.segments[].turns,free_stage_card_16zhong_gate.json,Storylet,node_contracts,D,registered,
canon_performance.segments[].turns[],free_stage_card_16zhong_gate.json,Storylet,node_contracts,D,registered,
canon_performance.segments[].turns[].provenance,free_stage_card_16zhong_gate.json,Storylet,node_contracts,D,registered,
canon_performance.segments[].turns[].provenance.adaptation_kind,free_stage_card_16zhong_gate.json,Storylet,node_contracts,D,registered,
canon_performance.segments[].turns[].provenance.canon_src,free_stage_card_16zhong_gate.json,Storylet,node_contracts,D,registered,
canon_performance.segments[].turns[].provenance.event_uid,free_stage_card_16zhong_gate.json,Storylet,node_contracts,D,registered,
canon_performance.segments[].turns[].provenance.source_kind,free_stage_card_16zhong_gate.json,Storylet,node_contracts,D,registered,
canon_performance.segments[].turns[].provenance.speaker_cons,free_stage_card_16zhong_gate.json,Storylet,node_contracts,D,registered,
canon_performance.segments[].turns[].role,free_stage_card_16zhong_gate.json,Storylet,node_contracts,D,registered,
canon_performance.segments[].turns[].speaker_before_intro,free_stage_card_16zhong_gate.json,Storylet,node_contracts,D,registered,
canon_performance.segments[].turns[].speaker_cons,free_stage_card_16zhong_gate.json,Storylet,node_contracts,D,registered,
canon_performance.segments[].turns[].stage,free_stage_card_16zhong_gate.json,Storylet,node_contracts,D,registered,
canon_performance.segments[].turns[].text,free_stage_card_16zhong_gate.json,Storylet,node_contracts,D,registered,
ch_anchor,free_stage_card_16zhong_gate.json,Storylet,node_contracts/meta,D,registered,
clock,free_stage_card_16zhong_gate.json,Storylet,node_contracts/meta,D,registered,
current_event_terms,free_stage_card_16zhong_gate.json,Storylet,node_contracts,D,registered,
current_event_terms[],free_stage_card_16zhong_gate.json,Storylet,node_contracts,D,registered,
entry_hook,free_stage_card_16zhong_gate.json,Storylet,node_contracts,D,registered,
entry_projection,free_stage_card_16zhong_gate.json,Unclassified,TBD,?,registered,
entry_projection.context_memory,free_stage_card_16zhong_gate.json,Mixed,slow_memory|run,C/D,registered,
entry_projection.context_memory[],free_stage_card_16zhong_gate.json,Mixed,slow_memory|run,C/D,registered,
entry_projection.relationship_memory,free_stage_card_16zhong_gate.json,Mixed,REL|run,C/D,registered,
entry_projection.relationship_memory[],free_stage_card_16zhong_gate.json,Mixed,REL|run,C/D,registered,
exits,free_stage_card_16zhong_gate.json,Storylet,node_contracts,D,registered,
exits[],free_stage_card_16zhong_gate.json,Storylet,node_contracts,D,registered,
exits[].bridge_hint,free_stage_card_16zhong_gate.json,Unclassified,TBD,?,registered,
exits[].exit_state,free_stage_card_16zhong_gate.json,Unclassified,TBD,?,registered,
exits[].requires_actor_decisions,free_stage_card_16zhong_gate.json,Unclassified,TBD,?,registered,
exits[].requires_actor_decisions.C.banbo.WMAIN,free_stage_card_16zhong_gate.json,Unclassified,TBD,?,registered,
exits[].requires_actor_decisions.C.banbo.WMAIN[],free_stage_card_16zhong_gate.json,Unclassified,TBD,?,registered,
exits[].requires_actor_decisions.C.yuxuan.WMAIN,free_stage_card_16zhong_gate.json,Unclassified,TBD,?,registered,
exits[].requires_actor_decisions.C.yuxuan.WMAIN[],free_stage_card_16zhong_gate.json,Unclassified,TBD,?,registered,
exits[].requires_branch_progress,free_stage_card_16zhong_gate.json,Unclassified,TBD,?,registered,
exits[].requires_branch_progress[],free_stage_card_16zhong_gate.json,Unclassified,TBD,?,registered,
exits[].target_card,free_stage_card_16zhong_gate.json,Unclassified,TBD,?,registered,
exits[].trigger,free_stage_card_16zhong_gate.json,Unclassified,TBD,?,registered,
intent_affordances,free_stage_card_16zhong_gate.json,Storylet,node_contracts,D,registered,
intent_affordances[],free_stage_card_16zhong_gate.json,Storylet,node_contracts,D,registered,
intent_affordances[].affordance_id,free_stage_card_16zhong_gate.json,Unclassified,TBD,?,registered,
intent_affordances[].after_must_happen,free_stage_card_16zhong_gate.json,Unclassified,TBD,?,registered,
intent_affordances[].after_must_happen[],free_stage_card_16zhong_gate.json,Unclassified,TBD,?,registered,
intent_affordances[].description,free_stage_card_16zhong_gate.json,Unclassified,TBD,?,registered,
intent_affordances[].goal_key,free_stage_card_16zhong_gate.json,Unclassified,TBD,?,registered,
intent_affordances[].mode,free_stage_card_16zhong_gate.json,Unclassified,TBD,?,registered,
intent_affordances[].requires_actor_consent,free_stage_card_16zhong_gate.json,Unclassified,TBD,?,registered,
intent_affordances[].requires_branch_progress,free_stage_card_16zhong_gate.json,Unclassified,TBD,?,registered,
intent_affordances[].requires_branch_progress[],free_stage_card_16zhong_gate.json,Unclassified,TBD,?,registered,
intent_affordances[].source,free_stage_card_16zhong_gate.json,Unclassified,TBD,?,registered,
intent_affordances[].storylet,free_stage_card_16zhong_gate.json,Unclassified,TBD,?,registered,
intent_affordances[].storylet.entry_conditions,free_stage_card_16zhong_gate.json,Unclassified,TBD,?,registered,
intent_affordances[].storylet.entry_conditions[],free_stage_card_16zhong_gate.json,Unclassified,TBD,?,registered,
intent_affordances[].storylet.exit_keys,free_stage_card_16zhong_gate.json,Unclassified,TBD,?,registered,
intent_affordances[].storylet.exit_keys[],free_stage_card_16zhong_gate.json,Unclassified,TBD,?,registered,
intent_affordances[].storylet.invariants,free_stage_card_16zhong_gate.json,Unclassified,TBD,?,registered,
intent_affordances[].storylet.invariants[],free_stage_card_16zhong_gate.json,Unclassified,TBD,?,registered,
intent_affordances[].target_cons,free_stage_card_16zhong_gate.json,Unclassified,TBD,?,registered,
intent_affordances[].visible_reason,free_stage_card_16zhong_gate.json,Unclassified,TBD,?,registered,
intro_complete_must_happen,free_stage_card_16zhong_gate.json,Storylet,node_contracts,D,registered,
intro_excerpt_audience,free_stage_card_16zhong_gate.json,Storylet,node_contracts,D,registered,
intro_excerpt_audience.暗处的注视,free_stage_card_16zhong_gate.json,Storylet,node_contracts,D,registered,
intro_excerpt_audience.暗处的注视.director_text,free_stage_card_16zhong_gate.json,Storylet,node_contracts,D,registered,
intro_excerpt_audience.暗处的注视.player_visible,free_stage_card_16zhong_gate.json,Storylet,node_contracts,D,registered,
intro_excerpt_order,free_stage_card_16zhong_gate.json,Storylet,node_contracts,D,registered,
intro_excerpt_order[],free_stage_card_16zhong_gate.json,Storylet,node_contracts,D,registered,
intro_include_blurb,free_stage_card_16zhong_gate.json,Storylet,node_contracts,D,registered,
locks,free_stage_card_16zhong_gate.json,Storylet,node_contracts,D,registered,
locks[],free_stage_card_16zhong_gate.json,Storylet,node_contracts,D,registered,
memory_layers,free_stage_card_16zhong_gate.json,Unclassified,TBD,?,registered,
memory_layers.context_memory,free_stage_card_16zhong_gate.json,Mixed,slow_memory|run,C/D,registered,
memory_layers.context_memory[],free_stage_card_16zhong_gate.json,Mixed,slow_memory|run,C/D,registered,
memory_layers.knowledge_gate,free_stage_card_16zhong_gate.json,Seed,knowledge_schedule,A,registered,
memory_layers.knowledge_gate[],free_stage_card_16zhong_gate.json,Seed,knowledge_schedule,A,registered,
memory_layers.relationship_memory,free_stage_card_16zhong_gate.json,Mixed,REL|run,C/D,registered,
memory_layers.relationship_memory[],free_stage_card_16zhong_gate.json,Mixed,REL|run,C/D,registered,
must_happen,free_stage_card_16zhong_gate.json,Storylet,node_contracts,D,registered,
must_happen[],free_stage_card_16zhong_gate.json,Storylet,node_contracts,D,registered,
must_happen[].desc,free_stage_card_16zhong_gate.json,Unclassified,TBD,?,registered,
must_happen[].evidence,free_stage_card_16zhong_gate.json,Unclassified,TBD,?,registered,
must_happen[].frame_beat,free_stage_card_16zhong_gate.json,Unclassified,TBD,?,registered,
must_happen[].frame_beat[],free_stage_card_16zhong_gate.json,Unclassified,TBD,?,registered,
must_happen[].id,free_stage_card_16zhong_gate.json,Unclassified,TBD,?,registered,
persona_cards,free_stage_card_16zhong_gate.json,Unclassified,TBD,?,registered,
persona_cards.C.banbo.WMAIN,free_stage_card_16zhong_gate.json,Mixed,see_leaf,?,registered,
persona_cards.C.banbo.WMAIN._alias_visible,free_stage_card_16zhong_gate.json,Mixed,see_leaf,?,registered,
persona_cards.C.banbo.WMAIN.boundaries,free_stage_card_16zhong_gate.json,Seed,persona_core,C,registered,
persona_cards.C.banbo.WMAIN.boundaries.hard,free_stage_card_16zhong_gate.json,Seed,persona_core,C,registered,
persona_cards.C.banbo.WMAIN.boundaries.soft,free_stage_card_16zhong_gate.json,Seed,persona_core,C,registered,
persona_cards.C.banbo.WMAIN.boundaries.soft[],free_stage_card_16zhong_gate.json,Seed,persona_core,C,registered,
persona_cards.C.banbo.WMAIN.boundaries.style,free_stage_card_16zhong_gate.json,Seed,persona_core,C,registered,
persona_cards.C.banbo.WMAIN.boundaries.voice_samples,free_stage_card_16zhong_gate.json,Seed,persona_core,C,registered,
persona_cards.C.banbo.WMAIN.boundaries.voice_samples[],free_stage_card_16zhong_gate.json,Seed,persona_core,C,registered,
persona_cards.C.banbo.WMAIN.constraints,free_stage_card_16zhong_gate.json,Mixed,persona_core|storylet.invariants,C/D,registered,
persona_cards.C.banbo.WMAIN.constraints[],free_stage_card_16zhong_gate.json,Mixed,persona_core|storylet.invariants,C/D,registered,
persona_cards.C.banbo.WMAIN.inner_state,free_stage_card_16zhong_gate.json,Storylet,storylet.entry_affect,D,registered,
persona_cards.C.banbo.WMAIN.inner_state.knot,free_stage_card_16zhong_gate.json,Storylet,storylet.entry_affect,D,registered,
persona_cards.C.banbo.WMAIN.inner_state.stance_to_player,free_stage_card_16zhong_gate.json,Storylet,storylet.entry_affect,D,registered,
persona_cards.C.banbo.WMAIN.inner_state.unsaid,free_stage_card_16zhong_gate.json,Storylet,storylet.entry_affect,D,registered,
persona_cards.C.banbo.WMAIN.inner_state.want_now,free_stage_card_16zhong_gate.json,Storylet,storylet.entry_affect,D,registered,
persona_cards.C.banbo.WMAIN.name,free_stage_card_16zhong_gate.json,Seed,archetypes/consciousnesses,A,registered,
persona_cards.C.banbo.WMAIN.voice_samples,free_stage_card_16zhong_gate.json,Seed,persona_core,C,registered,
persona_cards.C.banbo.WMAIN.voice_samples[],free_stage_card_16zhong_gate.json,Seed,persona_core,C,registered,
persona_cards.C.banbo.WMAIN.voice_samples[].provenance,free_stage_card_16zhong_gate.json,Mixed,see_leaf,?,registered,
persona_cards.C.banbo.WMAIN.voice_samples[].provenance.adaptation_kind,free_stage_card_16zhong_gate.json,Mixed,see_leaf,?,registered,
persona_cards.C.banbo.WMAIN.voice_samples[].provenance.canon_src,free_stage_card_16zhong_gate.json,Mixed,see_leaf,?,registered,
persona_cards.C.banbo.WMAIN.voice_samples[].provenance.confidence,free_stage_card_16zhong_gate.json,Mixed,see_leaf,?,registered,
persona_cards.C.banbo.WMAIN.voice_samples[].provenance.event_uid,free_stage_card_16zhong_gate.json,Mixed,see_leaf,?,registered,
persona_cards.C.banbo.WMAIN.voice_samples[].provenance.source_ch,free_stage_card_16zhong_gate.json,Mixed,see_leaf,?,registered,
persona_cards.C.banbo.WMAIN.voice_samples[].provenance.source_kind,free_stage_card_16zhong_gate.json,Mixed,see_leaf,?,registered,
persona_cards.C.banbo.WMAIN.voice_samples[].provenance.speaker_cons,free_stage_card_16zhong_gate.json,Mixed,see_leaf,?,registered,
persona_cards.C.banbo.WMAIN.voice_samples[].text,free_stage_card_16zhong_gate.json,Mixed,see_leaf,?,registered,
persona_cards.C.yuxuan.WMAIN,free_stage_card_16zhong_gate.json,Mixed,see_leaf,?,registered,
persona_cards.C.yuxuan.WMAIN._alias_visible,free_stage_card_16zhong_gate.json,Mixed,see_leaf,?,registered,
persona_cards.C.yuxuan.WMAIN.boundaries,free_stage_card_16zhong_gate.json,Seed,persona_core,C,registered,
persona_cards.C.yuxuan.WMAIN.boundaries.hard,free_stage_card_16zhong_gate.json,Seed,persona_core,C,registered,
persona_cards.C.yuxuan.WMAIN.boundaries.soft,free_stage_card_16zhong_gate.json,Seed,persona_core,C,registered,
persona_cards.C.yuxuan.WMAIN.boundaries.soft[],free_stage_card_16zhong_gate.json,Seed,persona_core,C,registered,
persona_cards.C.yuxuan.WMAIN.boundaries.style,free_stage_card_16zhong_gate.json,Seed,persona_core,C,registered,
persona_cards.C.yuxuan.WMAIN.boundaries.voice_samples,free_stage_card_16zhong_gate.json,Seed,persona_core,C,registered,
persona_cards.C.yuxuan.WMAIN.boundaries.voice_samples[],free_stage_card_16zhong_gate.json,Seed,persona_core,C,registered,
persona_cards.C.yuxuan.WMAIN.constraints,free_stage_card_16zhong_gate.json,Mixed,persona_core|storylet.invariants,C/D,registered,
persona_cards.C.yuxuan.WMAIN.constraints[],free_stage_card_16zhong_gate.json,Mixed,persona_core|storylet.invariants,C/D,registered,
persona_cards.C.yuxuan.WMAIN.inner_state,free_stage_card_16zhong_gate.json,Storylet,storylet.entry_affect,D,registered,
persona_cards.C.yuxuan.WMAIN.inner_state.knot,free_stage_card_16zhong_gate.json,Storylet,storylet.entry_affect,D,registered,
persona_cards.C.yuxuan.WMAIN.inner_state.stance_to_player,free_stage_card_16zhong_gate.json,Storylet,storylet.entry_affect,D,registered,
persona_cards.C.yuxuan.WMAIN.inner_state.unsaid,free_stage_card_16zhong_gate.json,Storylet,storylet.entry_affect,D,registered,
persona_cards.C.yuxuan.WMAIN.inner_state.want_now,free_stage_card_16zhong_gate.json,Storylet,storylet.entry_affect,D,registered,
persona_cards.C.yuxuan.WMAIN.name,free_stage_card_16zhong_gate.json,Seed,archetypes/consciousnesses,A,registered,
persona_cards.C.yuxuan.WMAIN.voice_samples,free_stage_card_16zhong_gate.json,Seed,persona_core,C,registered,
persona_cards.C.yuxuan.WMAIN.voice_samples[],free_stage_card_16zhong_gate.json,Seed,persona_core,C,registered,
persona_cards.C.yuxuan.WMAIN.voice_samples[].provenance,free_stage_card_16zhong_gate.json,Mixed,see_leaf,?,registered,
persona_cards.C.yuxuan.WMAIN.voice_samples[].provenance.adaptation_kind,free_stage_card_16zhong_gate.json,Mixed,see_leaf,?,registered,
persona_cards.C.yuxuan.WMAIN.voice_samples[].provenance.canon_src,free_stage_card_16zhong_gate.json,Mixed,see_leaf,?,registered,
persona_cards.C.yuxuan.WMAIN.voice_samples[].provenance.confidence,free_stage_card_16zhong_gate.json,Mixed,see_leaf,?,registered,
persona_cards.C.yuxuan.WMAIN.voice_samples[].provenance.event_uid,free_stage_card_16zhong_gate.json,Mixed,see_leaf,?,registered,
persona_cards.C.yuxuan.WMAIN.voice_samples[].provenance.source_ch,free_stage_card_16zhong_gate.json,Mixed,see_leaf,?,registered,
persona_cards.C.yuxuan.WMAIN.voice_samples[].provenance.source_kind,free_stage_card_16zhong_gate.json,Mixed,see_leaf,?,registered,
persona_cards.C.yuxuan.WMAIN.voice_samples[].provenance.speaker_cons,free_stage_card_16zhong_gate.json,Mixed,see_leaf,?,registered,
persona_cards.C.yuxuan.WMAIN.voice_samples[].text,free_stage_card_16zhong_gate.json,Mixed,see_leaf,?,registered,
persona_cards.C.zhangchen.WMAIN,free_stage_card_16zhong_gate.json,Mixed,see_leaf,?,registered,
persona_cards.C.zhangchen.WMAIN._alias_visible,free_stage_card_16zhong_gate.json,Mixed,see_leaf,?,registered,
persona_cards.C.zhangchen.WMAIN._review,free_stage_card_16zhong_gate.json,Mixed,see_leaf,?,registered,
persona_cards.C.zhangchen.WMAIN.boundaries,free_stage_card_16zhong_gate.json,Seed,persona_core,C,registered,
persona_cards.C.zhangchen.WMAIN.boundaries.hard,free_stage_card_16zhong_gate.json,Seed,persona_core,C,registered,
persona_cards.C.zhangchen.WMAIN.boundaries.hard[],free_stage_card_16zhong_gate.json,Seed,persona_core,C,registered,
persona_cards.C.zhangchen.WMAIN.boundaries.soft,free_stage_card_16zhong_gate.json,Seed,persona_core,C,registered,
persona_cards.C.zhangchen.WMAIN.boundaries.soft[],free_stage_card_16zhong_gate.json,Seed,persona_core,C,registered,
persona_cards.C.zhangchen.WMAIN.boundaries.style,free_stage_card_16zhong_gate.json,Seed,persona_core,C,registered,
persona_cards.C.zhangchen.WMAIN.boundaries.voice_samples,free_stage_card_16zhong_gate.json,Seed,persona_core,C,registered,
persona_cards.C.zhangchen.WMAIN.boundaries.voice_samples[],free_stage_card_16zhong_gate.json,Seed,persona_core,C,registered,
persona_cards.C.zhangchen.WMAIN.constraints,free_stage_card_16zhong_gate.json,Mixed,persona_core|storylet.invariants,C/D,registered,
persona_cards.C.zhangchen.WMAIN.constraints[],free_stage_card_16zhong_gate.json,Mixed,persona_core|storylet.invariants,C/D,registered,
persona_cards.C.zhangchen.WMAIN.inner_state,free_stage_card_16zhong_gate.json,Storylet,storylet.entry_affect,D,registered,
persona_cards.C.zhangchen.WMAIN.inner_state.knot,free_stage_card_16zhong_gate.json,Storylet,storylet.entry_affect,D,registered,
persona_cards.C.zhangchen.WMAIN.inner_state.stance_to_player,free_stage_card_16zhong_gate.json,Storylet,storylet.entry_affect,D,registered,
persona_cards.C.zhangchen.WMAIN.inner_state.unsaid,free_stage_card_16zhong_gate.json,Storylet,storylet.entry_affect,D,registered,
persona_cards.C.zhangchen.WMAIN.inner_state.want_now,free_stage_card_16zhong_gate.json,Storylet,storylet.entry_affect,D,registered,
persona_cards.C.zhangchen.WMAIN.name,free_stage_card_16zhong_gate.json,Seed,archetypes/consciousnesses,A,registered,
persona_cards.C.zhangchen.WMAIN.phase_voice_profile,free_stage_card_16zhong_gate.json,Mixed,see_leaf,?,registered,
persona_cards.C.zhangchen.WMAIN.phase_voice_profile.avoid_phrases,free_stage_card_16zhong_gate.json,Mixed,see_leaf,?,registered,
persona_cards.C.zhangchen.WMAIN.phase_voice_profile.avoid_phrases[],free_stage_card_16zhong_gate.json,Mixed,see_leaf,?,registered,
persona_cards.C.zhangchen.WMAIN.phase_voice_profile.canon_src,free_stage_card_16zhong_gate.json,Mixed,see_leaf,?,registered,
persona_cards.C.zhangchen.WMAIN.phase_voice_profile.disclosure_limit,free_stage_card_16zhong_gate.json,Mixed,see_leaf,?,registered,
persona_cards.C.zhangchen.WMAIN.phase_voice_profile.phase,free_stage_card_16zhong_gate.json,Mixed,see_leaf,?,registered,
persona_cards.C.zhangchen.WMAIN.phase_voice_profile.positive_patterns,free_stage_card_16zhong_gate.json,Mixed,see_leaf,?,registered,
persona_cards.C.zhangchen.WMAIN.phase_voice_profile.positive_patterns[],free_stage_card_16zhong_gate.json,Mixed,see_leaf,?,registered,
persona_cards.C.zhangchen.WMAIN.phase_voice_profile.source_event,free_stage_card_16zhong_gate.json,Mixed,see_leaf,?,registered,
persona_cards.C.zhangchen.WMAIN.scene_working_memory,free_stage_card_16zhong_gate.json,Run/Session,run_ledger+cache,—,registered,
persona_cards.C.zhangchen.WMAIN.scene_working_memory.body_state,free_stage_card_16zhong_gate.json,Run/Session,run_ledger+cache,—,registered,
persona_cards.C.zhangchen.WMAIN.scene_working_memory.commitments,free_stage_card_16zhong_gate.json,Run/Session,run_ledger+cache,—,registered,
persona_cards.C.zhangchen.WMAIN.scene_working_memory.commitments[],free_stage_card_16zhong_gate.json,Run/Session,run_ledger+cache,—,registered,
persona_cards.C.zhangchen.WMAIN.scene_working_memory.goals,free_stage_card_16zhong_gate.json,Run/Session,run_ledger+cache,—,registered,
persona_cards.C.zhangchen.WMAIN.scene_working_memory.goals[],free_stage_card_16zhong_gate.json,Run/Session,run_ledger+cache,—,registered,
persona_cards.C.zhangchen.WMAIN.scene_working_memory.scene_uid,free_stage_card_16zhong_gate.json,Run/Session,run_ledger+cache,—,registered,
persona_cards.C.zhangchen.WMAIN.scene_working_memory.source,free_stage_card_16zhong_gate.json,Run/Session,run_ledger+cache,—,registered,
persona_cards.C.zhangchen.WMAIN.scene_working_memory.source.adaptation_kind,free_stage_card_16zhong_gate.json,Run/Session,run_ledger+cache,—,registered,
persona_cards.C.zhangchen.WMAIN.scene_working_memory.source.canon_src,free_stage_card_16zhong_gate.json,Run/Session,run_ledger+cache,—,registered,
persona_cards.C.zhangchen.WMAIN.scene_working_memory.source.event_uid,free_stage_card_16zhong_gate.json,Run/Session,run_ledger+cache,—,registered,
persona_cards.C.zhangchen.WMAIN.scene_working_memory.unresolved_topics,free_stage_card_16zhong_gate.json,Run/Session,run_ledger+cache,—,registered,
persona_cards.C.zhangchen.WMAIN.scene_working_memory.unresolved_topics[],free_stage_card_16zhong_gate.json,Run/Session,run_ledger+cache,—,registered,
persona_cards.C.zhangchen.WMAIN.slow_memory_activation_cues,free_stage_card_16zhong_gate.json,Mixed,see_leaf,?,registered,
persona_cards.C.zhangchen.WMAIN.slow_memory_activation_cues.39,free_stage_card_16zhong_gate.json,Mixed,see_leaf,?,registered,
persona_cards.C.zhangchen.WMAIN.slow_memory_activation_cues.39[],free_stage_card_16zhong_gate.json,Mixed,see_leaf,?,registered,
persona_cards.C.zhangchen.WMAIN.slow_memory_activation_cues.41,free_stage_card_16zhong_gate.json,Mixed,see_leaf,?,registered,
persona_cards.C.zhangchen.WMAIN.slow_memory_activation_cues.41[],free_stage_card_16zhong_gate.json,Mixed,see_leaf,?,registered,
persona_cards.C.zhangchen.WMAIN.slow_memory_activation_cues.苏颖最后来电/坠楼,free_stage_card_16zhong_gate.json,Mixed,see_leaf,?,registered,
persona_cards.C.zhangchen.WMAIN.slow_memory_activation_cues.苏颖最后来电/坠楼[],free_stage_card_16zhong_gate.json,Mixed,see_leaf,?,registered,
persona_cards.C.zhangchen.WMAIN.voice_samples,free_stage_card_16zhong_gate.json,Seed,persona_core,C,registered,
persona_cards.C.zhangchen.WMAIN.voice_samples[],free_stage_card_16zhong_gate.json,Seed,persona_core,C,registered,
persona_cards.C.zhangchen.WMAIN.voice_samples[].provenance,free_stage_card_16zhong_gate.json,Mixed,see_leaf,?,registered,
persona_cards.C.zhangchen.WMAIN.voice_samples[].provenance.adaptation_kind,free_stage_card_16zhong_gate.json,Mixed,see_leaf,?,registered,
persona_cards.C.zhangchen.WMAIN.voice_samples[].provenance.canon_src,free_stage_card_16zhong_gate.json,Mixed,see_leaf,?,registered,
persona_cards.C.zhangchen.WMAIN.voice_samples[].provenance.confidence,free_stage_card_16zhong_gate.json,Mixed,see_leaf,?,registered,
persona_cards.C.zhangchen.WMAIN.voice_samples[].provenance.event_uid,free_stage_card_16zhong_gate.json,Mixed,see_leaf,?,registered,
persona_cards.C.zhangchen.WMAIN.voice_samples[].provenance.source_ch,free_stage_card_16zhong_gate.json,Mixed,see_leaf,?,registered,
persona_cards.C.zhangchen.WMAIN.voice_samples[].provenance.source_kind,free_stage_card_16zhong_gate.json,Mixed,see_leaf,?,registered,
persona_cards.C.zhangchen.WMAIN.voice_samples[].provenance.speaker_cons,free_stage_card_16zhong_gate.json,Mixed,see_leaf,?,registered,
persona_cards.C.zhangchen.WMAIN.voice_samples[].text,free_stage_card_16zhong_gate.json,Mixed,see_leaf,?,registered,
present,free_stage_card_16zhong_gate.json,Storylet,node_contracts/meta,D,registered,
present[],free_stage_card_16zhong_gate.json,Unclassified,TBD,?,registered,
scene,free_stage_card_16zhong_gate.json,Storylet,node_contracts/meta,D,registered,
scene_frame,free_stage_card_16zhong_gate.json,Storylet,node_contracts,D,registered,
scene_frame.when,free_stage_card_16zhong_gate.json,Storylet,node_contracts,D,registered,
scene_frame.where,free_stage_card_16zhong_gate.json,Storylet,node_contracts,D,registered,
scene_id,free_stage_card_16zhong_gate.json,Storylet,node_contracts/meta,D,registered,
scene_source_excerpt,free_stage_card_16zhong_gate.json,Storylet,node_contracts,D,registered,
scene_source_excerpt._note,free_stage_card_16zhong_gate.json,Storylet,node_contracts,D,registered,
scene_source_excerpt.暗处的注视,free_stage_card_16zhong_gate.json,Storylet,node_contracts,D,registered,
scene_source_excerpt.校门口搭讪,free_stage_card_16zhong_gate.json,Storylet,node_contracts,D,registered,
scene_source_excerpt.转向奶茶店,free_stage_card_16zhong_gate.json,Storylet,node_contracts,D,registered,
_frame_id,free_stage_card_16zhong_weichu_gate.json,Unclassified,TBD,?,registered,
_projection_note,free_stage_card_16zhong_weichu_gate.json,Unclassified,TBD,?,registered,
_projection_of,free_stage_card_16zhong_weichu_gate.json,Unclassified,TBD,?,registered,
_view,free_stage_card_16zhong_weichu_gate.json,Unclassified,TBD,?,registered,
ambient_stage,free_stage_card_16zhong_weichu_gate.json,Storylet,node_contracts,D,registered,
ambient_stage.奶茶店方向,free_stage_card_16zhong_weichu_gate.json,Storylet,node_contracts,D,registered,
ambient_stage.暗处,free_stage_card_16zhong_weichu_gate.json,Storylet,node_contracts,D,registered,
ambient_stage.校门口,free_stage_card_16zhong_weichu_gate.json,Storylet,node_contracts,D,registered,
blurb,free_stage_card_16zhong_weichu_gate.json,Storylet,node_contracts,D,registered,
branch_points,free_stage_card_16zhong_weichu_gate.json,Storylet,node_contracts,D,registered,
branch_points[],free_stage_card_16zhong_weichu_gate.json,Storylet,node_contracts,D,registered,
branch_points[].id,free_stage_card_16zhong_weichu_gate.json,Unclassified,TBD,?,registered,
branch_points[].keywords,free_stage_card_16zhong_weichu_gate.json,Unclassified,TBD,?,registered,
branch_points[].keywords.negative,free_stage_card_16zhong_weichu_gate.json,Unclassified,TBD,?,registered,
branch_points[].keywords.negative[],free_stage_card_16zhong_weichu_gate.json,Unclassified,TBD,?,registered,
branch_points[].keywords.positive,free_stage_card_16zhong_weichu_gate.json,Unclassified,TBD,?,registered,
branch_points[].keywords.positive[],free_stage_card_16zhong_weichu_gate.json,Unclassified,TBD,?,registered,
branch_points[].trigger,free_stage_card_16zhong_weichu_gate.json,Unclassified,TBD,?,registered,
branch_rules,free_stage_card_16zhong_weichu_gate.json,Storylet,node_contracts,D,registered,
branch_rules.intervene,free_stage_card_16zhong_weichu_gate.json,Storylet,node_contracts,D,registered,
branch_rules.intervene[],free_stage_card_16zhong_weichu_gate.json,Storylet,node_contracts,D,registered,
branch_rules.watch,free_stage_card_16zhong_weichu_gate.json,Storylet,node_contracts,D,registered,
branch_rules.watch[],free_stage_card_16zhong_weichu_gate.json,Storylet,node_contracts,D,registered,
ch_anchor,free_stage_card_16zhong_weichu_gate.json,Storylet,node_contracts/meta,D,registered,
clock,free_stage_card_16zhong_weichu_gate.json,Storylet,node_contracts/meta,D,registered,
current_event_terms,free_stage_card_16zhong_weichu_gate.json,Storylet,node_contracts,D,registered,
current_event_terms[],free_stage_card_16zhong_weichu_gate.json,Storylet,node_contracts,D,registered,
director_only_characters,free_stage_card_16zhong_weichu_gate.json,Storylet,node_contracts,D,registered,
director_only_characters[],free_stage_card_16zhong_weichu_gate.json,Storylet,node_contracts,D,registered,
entry_hook,free_stage_card_16zhong_weichu_gate.json,Storylet,node_contracts,D,registered,
entry_projection,free_stage_card_16zhong_weichu_gate.json,Unclassified,TBD,?,registered,
entry_projection.context_memory,free_stage_card_16zhong_weichu_gate.json,Mixed,slow_memory|run,C/D,registered,
entry_projection.context_memory[],free_stage_card_16zhong_weichu_gate.json,Mixed,slow_memory|run,C/D,registered,
entry_projection.relationship_memory,free_stage_card_16zhong_weichu_gate.json,Mixed,REL|run,C/D,registered,
entry_projection.relationship_memory[],free_stage_card_16zhong_weichu_gate.json,Mixed,REL|run,C/D,registered,
exits,free_stage_card_16zhong_weichu_gate.json,Storylet,node_contracts,D,registered,
exits[],free_stage_card_16zhong_weichu_gate.json,Storylet,node_contracts,D,registered,
exits[].bridge_hint,free_stage_card_16zhong_weichu_gate.json,Unclassified,TBD,?,registered,
exits[].exit_state,free_stage_card_16zhong_weichu_gate.json,Unclassified,TBD,?,registered,
exits[].target_card,free_stage_card_16zhong_weichu_gate.json,Unclassified,TBD,?,registered,
exits[].trigger,free_stage_card_16zhong_weichu_gate.json,Unclassified,TBD,?,registered,
locks,free_stage_card_16zhong_weichu_gate.json,Storylet,node_contracts,D,registered,
locks[],free_stage_card_16zhong_weichu_gate.json,Storylet,node_contracts,D,registered,
memory_layers,free_stage_card_16zhong_weichu_gate.json,Unclassified,TBD,?,registered,
memory_layers.context_memory,free_stage_card_16zhong_weichu_gate.json,Mixed,slow_memory|run,C/D,registered,
memory_layers.context_memory[],free_stage_card_16zhong_weichu_gate.json,Mixed,slow_memory|run,C/D,registered,
memory_layers.knowledge_gate,free_stage_card_16zhong_weichu_gate.json,Seed,knowledge_schedule,A,registered,
memory_layers.knowledge_gate[],free_stage_card_16zhong_weichu_gate.json,Seed,knowledge_schedule,A,registered,
memory_layers.relationship_memory,free_stage_card_16zhong_weichu_gate.json,Mixed,REL|run,C/D,registered,
memory_layers.relationship_memory[],free_stage_card_16zhong_weichu_gate.json,Mixed,REL|run,C/D,registered,
must_happen,free_stage_card_16zhong_weichu_gate.json,Storylet,node_contracts,D,registered,
must_happen[],free_stage_card_16zhong_weichu_gate.json,Storylet,node_contracts,D,registered,
must_happen[].desc,free_stage_card_16zhong_weichu_gate.json,Unclassified,TBD,?,registered,
must_happen[].evidence,free_stage_card_16zhong_weichu_gate.json,Unclassified,TBD,?,registered,
must_happen[].frame_beat,free_stage_card_16zhong_weichu_gate.json,Unclassified,TBD,?,registered,
must_happen[].frame_beat[],free_stage_card_16zhong_weichu_gate.json,Unclassified,TBD,?,registered,
must_happen[].id,free_stage_card_16zhong_weichu_gate.json,Unclassified,TBD,?,registered,
persona_cards,free_stage_card_16zhong_weichu_gate.json,Unclassified,TBD,?,registered,
persona_cards.C.weichu.WMAIN,free_stage_card_16zhong_weichu_gate.json,Mixed,see_leaf,?,registered,
persona_cards.C.weichu.WMAIN.boundaries,free_stage_card_16zhong_weichu_gate.json,Seed,persona_core,C,registered,
persona_cards.C.weichu.WMAIN.boundaries.hard,free_stage_card_16zhong_weichu_gate.json,Seed,persona_core,C,registered,
persona_cards.C.weichu.WMAIN.boundaries.hard[],free_stage_card_16zhong_weichu_gate.json,Seed,persona_core,C,registered,
persona_cards.C.weichu.WMAIN.boundaries.soft,free_stage_card_16zhong_weichu_gate.json,Seed,persona_core,C,registered,
persona_cards.C.weichu.WMAIN.boundaries.soft[],free_stage_card_16zhong_weichu_gate.json,Seed,persona_core,C,registered,
persona_cards.C.weichu.WMAIN.boundaries.style,free_stage_card_16zhong_weichu_gate.json,Seed,persona_core,C,registered,
persona_cards.C.weichu.WMAIN.boundaries.voice_samples,free_stage_card_16zhong_weichu_gate.json,Seed,persona_core,C,registered,
persona_cards.C.weichu.WMAIN.boundaries.voice_samples[],free_stage_card_16zhong_weichu_gate.json,Seed,persona_core,C,registered,
persona_cards.C.weichu.WMAIN.constraints,free_stage_card_16zhong_weichu_gate.json,Mixed,persona_core|storylet.invariants,C/D,registered,
persona_cards.C.weichu.WMAIN.constraints[],free_stage_card_16zhong_weichu_gate.json,Mixed,persona_core|storylet.invariants,C/D,registered,
persona_cards.C.weichu.WMAIN.inner_state,free_stage_card_16zhong_weichu_gate.json,Storylet,storylet.entry_affect,D,registered,
persona_cards.C.weichu.WMAIN.inner_state.knot,free_stage_card_16zhong_weichu_gate.json,Storylet,storylet.entry_affect,D,registered,
persona_cards.C.weichu.WMAIN.inner_state.stance_to_player,free_stage_card_16zhong_weichu_gate.json,Storylet,storylet.entry_affect,D,registered,
persona_cards.C.weichu.WMAIN.inner_state.unsaid,free_stage_card_16zhong_weichu_gate.json,Storylet,storylet.entry_affect,D,registered,
persona_cards.C.weichu.WMAIN.inner_state.want_now,free_stage_card_16zhong_weichu_gate.json,Storylet,storylet.entry_affect,D,registered,
persona_cards.C.weichu.WMAIN.name,free_stage_card_16zhong_weichu_gate.json,Seed,archetypes/consciousnesses,A,registered,
persona_cards.C.weichu.WMAIN.voice_samples,free_stage_card_16zhong_weichu_gate.json,Seed,persona_core,C,registered,
persona_cards.C.weichu.WMAIN.voice_samples[],free_stage_card_16zhong_weichu_gate.json,Seed,persona_core,C,registered,
persona_cards.C.zhangchen.WMAIN,free_stage_card_16zhong_weichu_gate.json,Mixed,see_leaf,?,registered,
persona_cards.C.zhangchen.WMAIN.boundaries,free_stage_card_16zhong_weichu_gate.json,Seed,persona_core,C,registered,
persona_cards.C.zhangchen.WMAIN.boundaries.hard,free_stage_card_16zhong_weichu_gate.json,Seed,persona_core,C,registered,
persona_cards.C.zhangchen.WMAIN.boundaries.hard[],free_stage_card_16zhong_weichu_gate.json,Seed,persona_core,C,registered,
persona_cards.C.zhangchen.WMAIN.boundaries.soft,free_stage_card_16zhong_weichu_gate.json,Seed,persona_core,C,registered,
persona_cards.C.zhangchen.WMAIN.boundaries.soft[],free_stage_card_16zhong_weichu_gate.json,Seed,persona_core,C,registered,
persona_cards.C.zhangchen.WMAIN.boundaries.style,free_stage_card_16zhong_weichu_gate.json,Seed,persona_core,C,registered,
persona_cards.C.zhangchen.WMAIN.boundaries.voice_samples,free_stage_card_16zhong_weichu_gate.json,Seed,persona_core,C,registered,
persona_cards.C.zhangchen.WMAIN.boundaries.voice_samples[],free_stage_card_16zhong_weichu_gate.json,Seed,persona_core,C,registered,
persona_cards.C.zhangchen.WMAIN.constraints,free_stage_card_16zhong_weichu_gate.json,Mixed,persona_core|storylet.invariants,C/D,registered,
persona_cards.C.zhangchen.WMAIN.constraints[],free_stage_card_16zhong_weichu_gate.json,Mixed,persona_core|storylet.invariants,C/D,registered,
persona_cards.C.zhangchen.WMAIN.inner_state,free_stage_card_16zhong_weichu_gate.json,Storylet,storylet.entry_affect,D,registered,
persona_cards.C.zhangchen.WMAIN.inner_state.knot,free_stage_card_16zhong_weichu_gate.json,Storylet,storylet.entry_affect,D,registered,
persona_cards.C.zhangchen.WMAIN.inner_state.stance_to_player,free_stage_card_16zhong_weichu_gate.json,Storylet,storylet.entry_affect,D,registered,
persona_cards.C.zhangchen.WMAIN.inner_state.unsaid,free_stage_card_16zhong_weichu_gate.json,Storylet,storylet.entry_affect,D,registered,
persona_cards.C.zhangchen.WMAIN.inner_state.want_now,free_stage_card_16zhong_weichu_gate.json,Storylet,storylet.entry_affect,D,registered,
persona_cards.C.zhangchen.WMAIN.name,free_stage_card_16zhong_weichu_gate.json,Seed,archetypes/consciousnesses,A,registered,
persona_cards.C.zhangchen.WMAIN.phase_voice_profile,free_stage_card_16zhong_weichu_gate.json,Mixed,see_leaf,?,registered,
persona_cards.C.zhangchen.WMAIN.phase_voice_profile.avoid_phrases,free_stage_card_16zhong_weichu_gate.json,Mixed,see_leaf,?,registered,
persona_cards.C.zhangchen.WMAIN.phase_voice_profile.avoid_phrases[],free_stage_card_16zhong_weichu_gate.json,Mixed,see_leaf,?,registered,
persona_cards.C.zhangchen.WMAIN.phase_voice_profile.canon_src,free_stage_card_16zhong_weichu_gate.json,Mixed,see_leaf,?,registered,
persona_cards.C.zhangchen.WMAIN.phase_voice_profile.disclosure_limit,free_stage_card_16zhong_weichu_gate.json,Mixed,see_leaf,?,registered,
persona_cards.C.zhangchen.WMAIN.phase_voice_profile.phase,free_stage_card_16zhong_weichu_gate.json,Mixed,see_leaf,?,registered,
persona_cards.C.zhangchen.WMAIN.phase_voice_profile.positive_patterns,free_stage_card_16zhong_weichu_gate.json,Mixed,see_leaf,?,registered,
persona_cards.C.zhangchen.WMAIN.phase_voice_profile.positive_patterns[],free_stage_card_16zhong_weichu_gate.json,Mixed,see_leaf,?,registered,
persona_cards.C.zhangchen.WMAIN.phase_voice_profile.source_event,free_stage_card_16zhong_weichu_gate.json,Mixed,see_leaf,?,registered,
persona_cards.C.zhangchen.WMAIN.voice_samples,free_stage_card_16zhong_weichu_gate.json,Seed,persona_core,C,registered,
persona_cards.C.zhangchen.WMAIN.voice_samples[],free_stage_card_16zhong_weichu_gate.json,Seed,persona_core,C,registered,
present,free_stage_card_16zhong_weichu_gate.json,Storylet,node_contracts/meta,D,registered,
present[],free_stage_card_16zhong_weichu_gate.json,Unclassified,TBD,?,registered,
scene,free_stage_card_16zhong_weichu_gate.json,Storylet,node_contracts/meta,D,registered,
scene_frame,free_stage_card_16zhong_weichu_gate.json,Storylet,node_contracts,D,registered,
scene_frame.when,free_stage_card_16zhong_weichu_gate.json,Storylet,node_contracts,D,registered,
scene_frame.where,free_stage_card_16zhong_weichu_gate.json,Storylet,node_contracts,D,registered,
scene_id,free_stage_card_16zhong_weichu_gate.json,Storylet,node_contracts/meta,D,registered,
scene_source_excerpt,free_stage_card_16zhong_weichu_gate.json,Storylet,node_contracts,D,registered,
scene_source_excerpt._note,free_stage_card_16zhong_weichu_gate.json,Storylet,node_contracts,D,registered,
scene_source_excerpt.暗处注视,free_stage_card_16zhong_weichu_gate.json,Storylet,node_contracts,D,registered,
scene_source_excerpt.校门口搭讪,free_stage_card_16zhong_weichu_gate.json,Storylet,node_contracts,D,registered,
scene_source_excerpt.转向奶茶店,free_stage_card_16zhong_weichu_gate.json,Storylet,node_contracts,D,registered,
_merge_note,free_stage_card_aquarium.json,Unclassified,TBD,?,registered,
ambient_stage,free_stage_card_aquarium.json,Storylet,node_contracts,D,registered,
ambient_stage.主持人,free_stage_card_aquarium.json,Storylet,node_contracts,D,registered,
ambient_stage.大屏幕,free_stage_card_aquarium.json,Storylet,node_contracts,D,registered,
ambient_stage.海豚小蓝,free_stage_card_aquarium.json,Storylet,node_contracts,D,registered,
ambient_stage.爆米花摊,free_stage_card_aquarium.json,Storylet,node_contracts,D,registered,
ambient_stage.观众席,free_stage_card_aquarium.json,Storylet,node_contracts,D,registered,
ambient_stage.观赏缸,free_stage_card_aquarium.json,Storylet,node_contracts,D,registered,
blurb,free_stage_card_aquarium.json,Storylet,node_contracts,D,registered,
blurb_variants,free_stage_card_aquarium.json,Unclassified,TBD,?,registered,
blurb_variants.converged,free_stage_card_aquarium.json,Unclassified,TBD,?,registered,
blurb_variants.invited,free_stage_card_aquarium.json,Unclassified,TBD,?,registered,
branch_rules,free_stage_card_aquarium.json,Storylet,node_contracts,D,registered,
branch_rules.invited,free_stage_card_aquarium.json,Storylet,node_contracts,D,registered,
branch_rules.invited[],free_stage_card_aquarium.json,Storylet,node_contracts,D,registered,
canon_performance,free_stage_card_aquarium.json,Storylet,node_contracts,D,registered,
canon_performance.segments,free_stage_card_aquarium.json,Storylet,node_contracts,D,registered,
canon_performance_variants,free_stage_card_aquarium.json,Unclassified,TBD,?,registered,
canon_performance_variants.converged,free_stage_card_aquarium.json,Unclassified,TBD,?,registered,
canon_performance_variants.converged.segments,free_stage_card_aquarium.json,Unclassified,TBD,?,registered,
canon_performance_variants.converged.segments[],free_stage_card_aquarium.json,Unclassified,TBD,?,registered,
canon_performance_variants.converged.segments[].canon_src,free_stage_card_aquarium.json,Unclassified,TBD,?,registered,
canon_performance_variants.converged.segments[].completes,free_stage_card_aquarium.json,Unclassified,TBD,?,registered,
canon_performance_variants.converged.segments[].completes[],free_stage_card_aquarium.json,Unclassified,TBD,?,registered,
canon_performance_variants.converged.segments[].event_uid,free_stage_card_aquarium.json,Unclassified,TBD,?,registered,
canon_performance_variants.converged.segments[].receipt_owner,free_stage_card_aquarium.json,Unclassified,TBD,?,registered,
canon_performance_variants.converged.segments[].segment_id,free_stage_card_aquarium.json,Unclassified,TBD,?,registered,
canon_performance_variants.converged.segments[].trigger,free_stage_card_aquarium.json,Unclassified,TBD,?,registered,
canon_performance_variants.converged.segments[].turns,free_stage_card_aquarium.json,Unclassified,TBD,?,registered,
canon_performance_variants.converged.segments[].turns[],free_stage_card_aquarium.json,Unclassified,TBD,?,registered,
canon_performance_variants.converged.segments[].turns[].provenance,free_stage_card_aquarium.json,Unclassified,TBD,?,registered,
canon_performance_variants.converged.segments[].turns[].provenance.adaptation_kind,free_stage_card_aquarium.json,Unclassified,TBD,?,registered,
canon_performance_variants.converged.segments[].turns[].provenance.canon_src,free_stage_card_aquarium.json,Unclassified,TBD,?,registered,
canon_performance_variants.converged.segments[].turns[].provenance.event_uid,free_stage_card_aquarium.json,Unclassified,TBD,?,registered,
canon_performance_variants.converged.segments[].turns[].provenance.source_kind,free_stage_card_aquarium.json,Unclassified,TBD,?,registered,
canon_performance_variants.converged.segments[].turns[].role,free_stage_card_aquarium.json,Unclassified,TBD,?,registered,
canon_performance_variants.converged.segments[].turns[].speaker,free_stage_card_aquarium.json,Unclassified,TBD,?,registered,
canon_performance_variants.converged.segments[].turns[].stage,free_stage_card_aquarium.json,Unclassified,TBD,?,registered,
canon_performance_variants.converged.segments[].turns[].text,free_stage_card_aquarium.json,Unclassified,TBD,?,registered,
canon_performance_variants.invited,free_stage_card_aquarium.json,Unclassified,TBD,?,registered,
canon_performance_variants.invited.segments,free_stage_card_aquarium.json,Unclassified,TBD,?,registered,
canon_performance_variants.invited.segments[],free_stage_card_aquarium.json,Unclassified,TBD,?,registered,
canon_performance_variants.invited.segments[].canon_src,free_stage_card_aquarium.json,Unclassified,TBD,?,registered,
canon_performance_variants.invited.segments[].completes,free_stage_card_aquarium.json,Unclassified,TBD,?,registered,
canon_performance_variants.invited.segments[].completes[],free_stage_card_aquarium.json,Unclassified,TBD,?,registered,
canon_performance_variants.invited.segments[].event_uid,free_stage_card_aquarium.json,Unclassified,TBD,?,registered,
canon_performance_variants.invited.segments[].receipt_owner,free_stage_card_aquarium.json,Unclassified,TBD,?,registered,
canon_performance_variants.invited.segments[].segment_id,free_stage_card_aquarium.json,Unclassified,TBD,?,registered,
canon_performance_variants.invited.segments[].trigger,free_stage_card_aquarium.json,Unclassified,TBD,?,registered,
canon_performance_variants.invited.segments[].turns,free_stage_card_aquarium.json,Unclassified,TBD,?,registered,
canon_performance_variants.invited.segments[].turns[],free_stage_card_aquarium.json,Unclassified,TBD,?,registered,
canon_performance_variants.invited.segments[].turns[].provenance,free_stage_card_aquarium.json,Unclassified,TBD,?,registered,
canon_performance_variants.invited.segments[].turns[].provenance.adaptation_kind,free_stage_card_aquarium.json,Unclassified,TBD,?,registered,
canon_performance_variants.invited.segments[].turns[].provenance.canon_src,free_stage_card_aquarium.json,Unclassified,TBD,?,registered,
canon_performance_variants.invited.segments[].turns[].provenance.event_uid,free_stage_card_aquarium.json,Unclassified,TBD,?,registered,
canon_performance_variants.invited.segments[].turns[].provenance.source_kind,free_stage_card_aquarium.json,Unclassified,TBD,?,registered,
canon_performance_variants.invited.segments[].turns[].role,free_stage_card_aquarium.json,Unclassified,TBD,?,registered,
canon_performance_variants.invited.segments[].turns[].speaker,free_stage_card_aquarium.json,Unclassified,TBD,?,registered,
canon_performance_variants.invited.segments[].turns[].stage,free_stage_card_aquarium.json,Unclassified,TBD,?,registered,
canon_performance_variants.invited.segments[].turns[].text,free_stage_card_aquarium.json,Unclassified,TBD,?,registered,
ch_anchor,free_stage_card_aquarium.json,Storylet,node_contracts/meta,D,registered,
ch_span,free_stage_card_aquarium.json,Unclassified,TBD,?,registered,
ch_span[],free_stage_card_aquarium.json,Unclassified,TBD,?,registered,
clock,free_stage_card_aquarium.json,Storylet,node_contracts/meta,D,registered,
current_event_terms,free_stage_card_aquarium.json,Storylet,node_contracts,D,registered,
current_event_terms[],free_stage_card_aquarium.json,Storylet,node_contracts,D,registered,
entry_hook,free_stage_card_aquarium.json,Storylet,node_contracts,D,registered,
entry_hook_variants,free_stage_card_aquarium.json,Unclassified,TBD,?,registered,
entry_hook_variants.converged,free_stage_card_aquarium.json,Unclassified,TBD,?,registered,
entry_hook_variants.invited,free_stage_card_aquarium.json,Unclassified,TBD,?,registered,
exits,free_stage_card_aquarium.json,Storylet,node_contracts,D,registered,
exits[],free_stage_card_aquarium.json,Storylet,node_contracts,D,registered,
exits[].bridge_hint,free_stage_card_aquarium.json,Unclassified,TBD,?,registered,
exits[].intent_tokens,free_stage_card_aquarium.json,Unclassified,TBD,?,registered,
exits[].intent_tokens[],free_stage_card_aquarium.json,Unclassified,TBD,?,registered,
exits[].target_card,free_stage_card_aquarium.json,Unclassified,TBD,?,registered,
exits[].trigger,free_stage_card_aquarium.json,Unclassified,TBD,?,registered,
legacy_canon_performance_removed,free_stage_card_aquarium.json,Unclassified,TBD,?,registered,
legacy_canon_performance_removed.segments,free_stage_card_aquarium.json,Unclassified,TBD,?,registered,
legacy_canon_performance_removed.segments[],free_stage_card_aquarium.json,Unclassified,TBD,?,registered,
legacy_canon_performance_removed.segments[].after_must_happen,free_stage_card_aquarium.json,Unclassified,TBD,?,registered,
legacy_canon_performance_removed.segments[].canon_src,free_stage_card_aquarium.json,Unclassified,TBD,?,registered,
legacy_canon_performance_removed.segments[].completes,free_stage_card_aquarium.json,Unclassified,TBD,?,registered,
legacy_canon_performance_removed.segments[].completes[],free_stage_card_aquarium.json,Unclassified,TBD,?,registered,
legacy_canon_performance_removed.segments[].event_uid,free_stage_card_aquarium.json,Unclassified,TBD,?,registered,
legacy_canon_performance_removed.segments[].interrupt_after,free_stage_card_aquarium.json,Unclassified,TBD,?,registered,
legacy_canon_performance_removed.segments[].segment_id,free_stage_card_aquarium.json,Unclassified,TBD,?,registered,
legacy_canon_performance_removed.segments[].trigger,free_stage_card_aquarium.json,Unclassified,TBD,?,registered,
legacy_canon_performance_removed.segments[].turns,free_stage_card_aquarium.json,Unclassified,TBD,?,registered,
legacy_canon_performance_removed.segments[].turns[],free_stage_card_aquarium.json,Unclassified,TBD,?,registered,
legacy_canon_performance_removed.segments[].turns[].provenance,free_stage_card_aquarium.json,Unclassified,TBD,?,registered,
legacy_canon_performance_removed.segments[].turns[].provenance.adaptation_kind,free_stage_card_aquarium.json,Unclassified,TBD,?,registered,
legacy_canon_performance_removed.segments[].turns[].provenance.canon_src,free_stage_card_aquarium.json,Unclassified,TBD,?,registered,
legacy_canon_performance_removed.segments[].turns[].provenance.event_uid,free_stage_card_aquarium.json,Unclassified,TBD,?,registered,
legacy_canon_performance_removed.segments[].turns[].provenance.source_kind,free_stage_card_aquarium.json,Unclassified,TBD,?,registered,
legacy_canon_performance_removed.segments[].turns[].role,free_stage_card_aquarium.json,Unclassified,TBD,?,registered,
legacy_canon_performance_removed.segments[].turns[].speaker,free_stage_card_aquarium.json,Unclassified,TBD,?,registered,
legacy_canon_performance_removed.segments[].turns[].stage,free_stage_card_aquarium.json,Unclassified,TBD,?,registered,
legacy_canon_performance_removed.segments[].turns[].text,free_stage_card_aquarium.json,Unclassified,TBD,?,registered,
locks,free_stage_card_aquarium.json,Storylet,node_contracts,D,registered,
locks[],free_stage_card_aquarium.json,Storylet,node_contracts,D,registered,
memory_layer_variants,free_stage_card_aquarium.json,Unclassified,TBD,?,registered,
memory_layer_variants.converged,free_stage_card_aquarium.json,Unclassified,TBD,?,registered,
memory_layer_variants.converged.context_memory,free_stage_card_aquarium.json,Mixed,slow_memory|run,C/D,registered,
memory_layer_variants.converged.context_memory[],free_stage_card_aquarium.json,Mixed,slow_memory|run,C/D,registered,
memory_layer_variants.invited,free_stage_card_aquarium.json,Unclassified,TBD,?,registered,
memory_layer_variants.invited.context_memory,free_stage_card_aquarium.json,Mixed,slow_memory|run,C/D,registered,
memory_layer_variants.invited.context_memory[],free_stage_card_aquarium.json,Mixed,slow_memory|run,C/D,registered,
memory_layer_variants.invited.relationship_memory,free_stage_card_aquarium.json,Mixed,REL|run,C/D,registered,
memory_layer_variants.invited.relationship_memory[],free_stage_card_aquarium.json,Mixed,REL|run,C/D,registered,
memory_layers,free_stage_card_aquarium.json,Unclassified,TBD,?,registered,
memory_layers.context_memory,free_stage_card_aquarium.json,Mixed,slow_memory|run,C/D,registered,
memory_layers.context_memory[],free_stage_card_aquarium.json,Mixed,slow_memory|run,C/D,registered,
memory_layers.knowledge_gate,free_stage_card_aquarium.json,Seed,knowledge_schedule,A,registered,
memory_layers.knowledge_gate[],free_stage_card_aquarium.json,Seed,knowledge_schedule,A,registered,
memory_layers.relationship_memory,free_stage_card_aquarium.json,Mixed,REL|run,C/D,registered,
memory_layers.relationship_memory[],free_stage_card_aquarium.json,Mixed,REL|run,C/D,registered,
must_happen,free_stage_card_aquarium.json,Storylet,node_contracts,D,registered,
must_happen[],free_stage_card_aquarium.json,Storylet,node_contracts,D,registered,
must_happen[].canon_ref,free_stage_card_aquarium.json,Unclassified,TBD,?,registered,
must_happen[].desc,free_stage_card_aquarium.json,Unclassified,TBD,?,registered,
must_happen[].desc_variants,free_stage_card_aquarium.json,Unclassified,TBD,?,registered,
must_happen[].desc_variants.converged,free_stage_card_aquarium.json,Unclassified,TBD,?,registered,
must_happen[].desc_variants.invited,free_stage_card_aquarium.json,Unclassified,TBD,?,registered,
must_happen[].evidence,free_stage_card_aquarium.json,Unclassified,TBD,?,registered,
must_happen[].evidence_variants,free_stage_card_aquarium.json,Unclassified,TBD,?,registered,
must_happen[].evidence_variants.converged,free_stage_card_aquarium.json,Unclassified,TBD,?,registered,
must_happen[].evidence_variants.invited,free_stage_card_aquarium.json,Unclassified,TBD,?,registered,
must_happen[].id,free_stage_card_aquarium.json,Unclassified,TBD,?,registered,
must_happen[].receipt_owner,free_stage_card_aquarium.json,Unclassified,TBD,?,registered,
persona_cards,free_stage_card_aquarium.json,Unclassified,TBD,?,registered,
persona_cards.C.akito.WMAIN,free_stage_card_aquarium.json,Mixed,see_leaf,?,registered,
persona_cards.C.akito.WMAIN.boundaries,free_stage_card_aquarium.json,Seed,persona_core,C,registered,
persona_cards.C.akito.WMAIN.boundaries.hard,free_stage_card_aquarium.json,Seed,persona_core,C,registered,
persona_cards.C.akito.WMAIN.boundaries.hard[],free_stage_card_aquarium.json,Seed,persona_core,C,registered,
persona_cards.C.akito.WMAIN.boundaries.soft,free_stage_card_aquarium.json,Seed,persona_core,C,registered,
persona_cards.C.akito.WMAIN.boundaries.soft[],free_stage_card_aquarium.json,Seed,persona_core,C,registered,
persona_cards.C.akito.WMAIN.boundaries.style,free_stage_card_aquarium.json,Seed,persona_core,C,registered,
persona_cards.C.akito.WMAIN.boundaries.voice_samples,free_stage_card_aquarium.json,Seed,persona_core,C,registered,
persona_cards.C.akito.WMAIN.boundaries.voice_samples[],free_stage_card_aquarium.json,Seed,persona_core,C,registered,
persona_cards.C.akito.WMAIN.constraints,free_stage_card_aquarium.json,Mixed,persona_core|storylet.invariants,C/D,registered,
persona_cards.C.akito.WMAIN.constraints[],free_stage_card_aquarium.json,Mixed,persona_core|storylet.invariants,C/D,registered,
persona_cards.C.akito.WMAIN.inner_state,free_stage_card_aquarium.json,Storylet,storylet.entry_affect,D,registered,
persona_cards.C.akito.WMAIN.inner_state.knot,free_stage_card_aquarium.json,Storylet,storylet.entry_affect,D,registered,
persona_cards.C.akito.WMAIN.inner_state.stance_to_player,free_stage_card_aquarium.json,Storylet,storylet.entry_affect,D,registered,
persona_cards.C.akito.WMAIN.inner_state.unsaid,free_stage_card_aquarium.json,Storylet,storylet.entry_affect,D,registered,
persona_cards.C.akito.WMAIN.inner_state.want_now,free_stage_card_aquarium.json,Storylet,storylet.entry_affect,D,registered,
persona_cards.C.akito.WMAIN.name,free_stage_card_aquarium.json,Seed,archetypes/consciousnesses,A,registered,
persona_cards.C.akito.WMAIN.voice_samples,free_stage_card_aquarium.json,Seed,persona_core,C,registered,
persona_cards.C.akito.WMAIN.voice_samples[],free_stage_card_aquarium.json,Seed,persona_core,C,registered,
persona_cards.C.akito.WMAIN.voice_source,free_stage_card_aquarium.json,Mixed,see_leaf,?,registered,
persona_cards.C.kakashi.WMAIN,free_stage_card_aquarium.json,Mixed,see_leaf,?,registered,
persona_cards.C.kakashi.WMAIN.boundaries,free_stage_card_aquarium.json,Seed,persona_core,C,registered,
persona_cards.C.kakashi.WMAIN.boundaries.hard,free_stage_card_aquarium.json,Seed,persona_core,C,registered,
persona_cards.C.kakashi.WMAIN.boundaries.hard[],free_stage_card_aquarium.json,Seed,persona_core,C,registered,
persona_cards.C.kakashi.WMAIN.boundaries.soft,free_stage_card_aquarium.json,Seed,persona_core,C,registered,
persona_cards.C.kakashi.WMAIN.boundaries.soft[],free_stage_card_aquarium.json,Seed,persona_core,C,registered,
persona_cards.C.kakashi.WMAIN.boundaries.style,free_stage_card_aquarium.json,Seed,persona_core,C,registered,
persona_cards.C.kakashi.WMAIN.boundaries.voice_samples,free_stage_card_aquarium.json,Seed,persona_core,C,registered,
persona_cards.C.kakashi.WMAIN.boundaries.voice_samples[],free_stage_card_aquarium.json,Seed,persona_core,C,registered,
persona_cards.C.kakashi.WMAIN.constraints,free_stage_card_aquarium.json,Mixed,persona_core|storylet.invariants,C/D,registered,
persona_cards.C.kakashi.WMAIN.constraints[],free_stage_card_aquarium.json,Mixed,persona_core|storylet.invariants,C/D,registered,
persona_cards.C.kakashi.WMAIN.inner_state,free_stage_card_aquarium.json,Storylet,storylet.entry_affect,D,registered,
persona_cards.C.kakashi.WMAIN.inner_state.knot,free_stage_card_aquarium.json,Storylet,storylet.entry_affect,D,registered,
persona_cards.C.kakashi.WMAIN.inner_state.stance_to_player,free_stage_card_aquarium.json,Storylet,storylet.entry_affect,D,registered,
persona_cards.C.kakashi.WMAIN.inner_state.unsaid,free_stage_card_aquarium.json,Storylet,storylet.entry_affect,D,registered,
persona_cards.C.kakashi.WMAIN.inner_state.want_now,free_stage_card_aquarium.json,Storylet,storylet.entry_affect,D,registered,
persona_cards.C.kakashi.WMAIN.name,free_stage_card_aquarium.json,Seed,archetypes/consciousnesses,A,registered,
persona_cards.C.kakashi.WMAIN.voice_samples,free_stage_card_aquarium.json,Seed,persona_core,C,registered,
persona_cards.C.kakashi.WMAIN.voice_samples[],free_stage_card_aquarium.json,Seed,persona_core,C,registered,
persona_cards.C.xiuzai.WMAIN,free_stage_card_aquarium.json,Mixed,see_leaf,?,registered,
persona_cards.C.xiuzai.WMAIN.boundaries,free_stage_card_aquarium.json,Seed,persona_core,C,registered,
persona_cards.C.xiuzai.WMAIN.boundaries.hard,free_stage_card_aquarium.json,Seed,persona_core,C,registered,
persona_cards.C.xiuzai.WMAIN.boundaries.hard[],free_stage_card_aquarium.json,Seed,persona_core,C,registered,
persona_cards.C.xiuzai.WMAIN.boundaries.soft,free_stage_card_aquarium.json,Seed,persona_core,C,registered,
persona_cards.C.xiuzai.WMAIN.boundaries.soft[],free_stage_card_aquarium.json,Seed,persona_core,C,registered,
persona_cards.C.xiuzai.WMAIN.boundaries.style,free_stage_card_aquarium.json,Seed,persona_core,C,registered,
persona_cards.C.xiuzai.WMAIN.boundaries.voice_samples,free_stage_card_aquarium.json,Seed,persona_core,C,registered,
persona_cards.C.xiuzai.WMAIN.boundaries.voice_samples[],free_stage_card_aquarium.json,Seed,persona_core,C,registered,
persona_cards.C.xiuzai.WMAIN.constraints,free_stage_card_aquarium.json,Mixed,persona_core|storylet.invariants,C/D,registered,
persona_cards.C.xiuzai.WMAIN.constraints[],free_stage_card_aquarium.json,Mixed,persona_core|storylet.invariants,C/D,registered,
persona_cards.C.xiuzai.WMAIN.inner_state,free_stage_card_aquarium.json,Storylet,storylet.entry_affect,D,registered,
persona_cards.C.xiuzai.WMAIN.inner_state.knot,free_stage_card_aquarium.json,Storylet,storylet.entry_affect,D,registered,
persona_cards.C.xiuzai.WMAIN.inner_state.stance_to_player,free_stage_card_aquarium.json,Storylet,storylet.entry_affect,D,registered,
persona_cards.C.xiuzai.WMAIN.inner_state.unsaid,free_stage_card_aquarium.json,Storylet,storylet.entry_affect,D,registered,
persona_cards.C.xiuzai.WMAIN.inner_state.want_now,free_stage_card_aquarium.json,Storylet,storylet.entry_affect,D,registered,
persona_cards.C.xiuzai.WMAIN.name,free_stage_card_aquarium.json,Seed,archetypes/consciousnesses,A,registered,
persona_cards.C.xiuzai.WMAIN.voice_samples,free_stage_card_aquarium.json,Seed,persona_core,C,registered,
persona_cards.C.xiuzai.WMAIN.voice_samples[],free_stage_card_aquarium.json,Seed,persona_core,C,registered,
present,free_stage_card_aquarium.json,Storylet,node_contracts/meta,D,registered,
present[],free_stage_card_aquarium.json,Unclassified,TBD,?,registered,
scene,free_stage_card_aquarium.json,Storylet,node_contracts/meta,D,registered,
scene_frame,free_stage_card_aquarium.json,Storylet,node_contracts,D,registered,
scene_frame.when,free_stage_card_aquarium.json,Storylet,node_contracts,D,registered,
scene_frame.where,free_stage_card_aquarium.json,Storylet,node_contracts,D,registered,
scene_frame.为什么在这里,free_stage_card_aquarium.json,Storylet,node_contracts,D,registered,
scene_frame.关系,free_stage_card_aquarium.json,Storylet,node_contracts,D,registered,
scene_frame.此刻想要什么,free_stage_card_aquarium.json,Storylet,node_contracts,D,registered,
scene_frame_variants,free_stage_card_aquarium.json,Unclassified,TBD,?,registered,
scene_frame_variants.converged,free_stage_card_aquarium.json,Unclassified,TBD,?,registered,
scene_frame_variants.converged.when,free_stage_card_aquarium.json,Unclassified,TBD,?,registered,
scene_frame_variants.converged.为什么在这里,free_stage_card_aquarium.json,Unclassified,TBD,?,registered,
scene_frame_variants.converged.关系,free_stage_card_aquarium.json,Unclassified,TBD,?,registered,
scene_frame_variants.converged.此刻想要什么,free_stage_card_aquarium.json,Unclassified,TBD,?,registered,
scene_frame_variants.invited,free_stage_card_aquarium.json,Unclassified,TBD,?,registered,
scene_frame_variants.invited.when,free_stage_card_aquarium.json,Unclassified,TBD,?,registered,
scene_frame_variants.invited.为什么在这里,free_stage_card_aquarium.json,Unclassified,TBD,?,registered,
scene_frame_variants.invited.关系,free_stage_card_aquarium.json,Unclassified,TBD,?,registered,
scene_frame_variants.invited.此刻想要什么,free_stage_card_aquarium.json,Unclassified,TBD,?,registered,
scene_id,free_stage_card_aquarium.json,Storylet,node_contracts/meta,D,registered,
scene_source_excerpt,free_stage_card_aquarium.json,Storylet,node_contracts,D,registered,
scene_source_excerpt._note,free_stage_card_aquarium.json,Storylet,node_contracts,D,registered,
scene_source_excerpt.海豚池,free_stage_card_aquarium.json,Storylet,node_contracts,D,registered,
scene_source_excerpt.重逢缸区,free_stage_card_aquarium.json,Storylet,node_contracts,D,registered,
exits,free_stage_card_brief_test.json,Storylet,node_contracts,D,registered,
exits[],free_stage_card_brief_test.json,Storylet,node_contracts,D,registered,
exits[].interlude,free_stage_card_brief_test.json,Unclassified,TBD,?,registered,
exits[].target_card,free_stage_card_brief_test.json,Unclassified,TBD,?,registered,
must_happen,free_stage_card_brief_test.json,Storylet,node_contracts,D,registered,
must_happen[],free_stage_card_brief_test.json,Storylet,node_contracts,D,registered,
must_happen[].desc,free_stage_card_brief_test.json,Unclassified,TBD,?,registered,
must_happen[].id,free_stage_card_brief_test.json,Unclassified,TBD,?,registered,
pacing,free_stage_card_brief_test.json,Unclassified,TBD,?,registered,
scene,free_stage_card_brief_test.json,Storylet,node_contracts/meta,D,registered,
scene_id,free_stage_card_brief_test.json,Storylet,node_contracts/meta,D,registered,
blurb,free_stage_card_detective_placeholder.json,Storylet,node_contracts,D,registered,
ch_anchor,free_stage_card_detective_placeholder.json,Storylet,node_contracts/meta,D,registered,
clock,free_stage_card_detective_placeholder.json,Storylet,node_contracts/meta,D,registered,
entry_hook,free_stage_card_detective_placeholder.json,Storylet,node_contracts,D,registered,
exits,free_stage_card_detective_placeholder.json,Storylet,node_contracts,D,registered,
locks,free_stage_card_detective_placeholder.json,Storylet,node_contracts,D,registered,
locks[],free_stage_card_detective_placeholder.json,Storylet,node_contracts,D,registered,
memory_layers,free_stage_card_detective_placeholder.json,Unclassified,TBD,?,registered,
memory_layers.context_memory,free_stage_card_detective_placeholder.json,Mixed,slow_memory|run,C/D,registered,
memory_layers.context_memory[],free_stage_card_detective_placeholder.json,Mixed,slow_memory|run,C/D,registered,
memory_layers.knowledge_gate,free_stage_card_detective_placeholder.json,Seed,knowledge_schedule,A,registered,
memory_layers.knowledge_gate[],free_stage_card_detective_placeholder.json,Seed,knowledge_schedule,A,registered,
memory_layers.relationship_memory,free_stage_card_detective_placeholder.json,Mixed,REL|run,C/D,registered,
memory_layers.relationship_memory[],free_stage_card_detective_placeholder.json,Mixed,REL|run,C/D,registered,
must_happen,free_stage_card_detective_placeholder.json,Storylet,node_contracts,D,registered,
persona_cards,free_stage_card_detective_placeholder.json,Unclassified,TBD,?,registered,
present,free_stage_card_detective_placeholder.json,Storylet,node_contracts/meta,D,registered,
present[],free_stage_card_detective_placeholder.json,Unclassified,TBD,?,registered,
scene,free_stage_card_detective_placeholder.json,Storylet,node_contracts/meta,D,registered,
scene_frame,free_stage_card_detective_placeholder.json,Storylet,node_contracts,D,registered,
scene_frame.when,free_stage_card_detective_placeholder.json,Storylet,node_contracts,D,registered,
scene_frame.where,free_stage_card_detective_placeholder.json,Storylet,node_contracts,D,registered,
scene_frame.为什么在这里,free_stage_card_detective_placeholder.json,Storylet,node_contracts,D,registered,
scene_frame.关系,free_stage_card_detective_placeholder.json,Storylet,node_contracts,D,registered,
scene_frame.此刻想要什么,free_stage_card_detective_placeholder.json,Storylet,node_contracts,D,registered,
scene_id,free_stage_card_detective_placeholder.json,Storylet,node_contracts/meta,D,registered,
scene_source_excerpt,free_stage_card_detective_placeholder.json,Storylet,node_contracts,D,registered,
scene_source_excerpt._note,free_stage_card_detective_placeholder.json,Storylet,node_contracts,D,registered,
scene_source_excerpt.占位,free_stage_card_detective_placeholder.json,Storylet,node_contracts,D,registered,
ambient_stage,free_stage_card_dolphin.json,Storylet,node_contracts,D,registered,
ambient_stage.主持人,free_stage_card_dolphin.json,Storylet,node_contracts,D,registered,
ambient_stage.大屏幕,free_stage_card_dolphin.json,Storylet,node_contracts,D,registered,
ambient_stage.海豚“小蓝”,free_stage_card_dolphin.json,Storylet,node_contracts,D,registered,
ambient_stage.爆米花摊,free_stage_card_dolphin.json,Storylet,node_contracts,D,registered,
ambient_stage.观众席,free_stage_card_dolphin.json,Storylet,node_contracts,D,registered,
blurb,free_stage_card_dolphin.json,Storylet,node_contracts,D,registered,
ch_anchor,free_stage_card_dolphin.json,Storylet,node_contracts/meta,D,registered,
clock,free_stage_card_dolphin.json,Storylet,node_contracts/meta,D,registered,
current_event_terms,free_stage_card_dolphin.json,Storylet,node_contracts,D,registered,
current_event_terms[],free_stage_card_dolphin.json,Storylet,node_contracts,D,registered,
exits,free_stage_card_dolphin.json,Storylet,node_contracts,D,registered,
exits[],free_stage_card_dolphin.json,Storylet,node_contracts,D,registered,
exits[].bridge_hint,free_stage_card_dolphin.json,Unclassified,TBD,?,registered,
exits[].target_card,free_stage_card_dolphin.json,Unclassified,TBD,?,registered,
exits[].trigger,free_stage_card_dolphin.json,Unclassified,TBD,?,registered,
locks,free_stage_card_dolphin.json,Storylet,node_contracts,D,registered,
locks[],free_stage_card_dolphin.json,Storylet,node_contracts,D,registered,
memory_layers,free_stage_card_dolphin.json,Unclassified,TBD,?,registered,
memory_layers.context_memory,free_stage_card_dolphin.json,Mixed,slow_memory|run,C/D,registered,
memory_layers.context_memory[],free_stage_card_dolphin.json,Mixed,slow_memory|run,C/D,registered,
memory_layers.knowledge_gate,free_stage_card_dolphin.json,Seed,knowledge_schedule,A,registered,
memory_layers.knowledge_gate[],free_stage_card_dolphin.json,Seed,knowledge_schedule,A,registered,
memory_layers.relationship_memory,free_stage_card_dolphin.json,Mixed,REL|run,C/D,registered,
memory_layers.relationship_memory[],free_stage_card_dolphin.json,Mixed,REL|run,C/D,registered,
must_happen,free_stage_card_dolphin.json,Storylet,node_contracts,D,registered,
must_happen[],free_stage_card_dolphin.json,Storylet,node_contracts,D,registered,
must_happen[].desc,free_stage_card_dolphin.json,Unclassified,TBD,?,registered,
must_happen[].evidence,free_stage_card_dolphin.json,Unclassified,TBD,?,registered,
must_happen[].id,free_stage_card_dolphin.json,Unclassified,TBD,?,registered,
persona_cards,free_stage_card_dolphin.json,Unclassified,TBD,?,registered,
persona_cards.C.akito.WMAIN,free_stage_card_dolphin.json,Mixed,see_leaf,?,registered,
persona_cards.C.akito.WMAIN.boundaries,free_stage_card_dolphin.json,Seed,persona_core,C,registered,
persona_cards.C.akito.WMAIN.boundaries.hard,free_stage_card_dolphin.json,Seed,persona_core,C,registered,
persona_cards.C.akito.WMAIN.boundaries.staged,free_stage_card_dolphin.json,Seed,persona_core,C,registered,
persona_cards.C.akito.WMAIN.boundaries.staged.熟络旅伴,free_stage_card_dolphin.json,Seed,persona_core,C,registered,
persona_cards.C.akito.WMAIN.boundaries.staged.熟络旅伴[],free_stage_card_dolphin.json,Seed,persona_core,C,registered,
persona_cards.C.akito.WMAIN.boundaries.staged.萍水相逢,free_stage_card_dolphin.json,Seed,persona_core,C,registered,
persona_cards.C.akito.WMAIN.boundaries.staged.萍水相逢[],free_stage_card_dolphin.json,Seed,persona_core,C,registered,
persona_cards.C.akito.WMAIN.boundaries.style,free_stage_card_dolphin.json,Seed,persona_core,C,registered,
persona_cards.C.akito.WMAIN.constraints,free_stage_card_dolphin.json,Mixed,persona_core|storylet.invariants,C/D,registered,
persona_cards.C.akito.WMAIN.constraints[],free_stage_card_dolphin.json,Mixed,persona_core|storylet.invariants,C/D,registered,
persona_cards.C.akito.WMAIN.name,free_stage_card_dolphin.json,Seed,archetypes/consciousnesses,A,registered,
persona_cards.C.akito.WMAIN.voice_samples,free_stage_card_dolphin.json,Seed,persona_core,C,registered,
persona_cards.C.akito.WMAIN.voice_samples[],free_stage_card_dolphin.json,Seed,persona_core,C,registered,
persona_cards.C.kakashi.WMAIN,free_stage_card_dolphin.json,Mixed,see_leaf,?,registered,
persona_cards.C.kakashi.WMAIN.boundaries,free_stage_card_dolphin.json,Seed,persona_core,C,registered,
persona_cards.C.kakashi.WMAIN.boundaries.hard,free_stage_card_dolphin.json,Seed,persona_core,C,registered,
persona_cards.C.kakashi.WMAIN.boundaries.hard[],free_stage_card_dolphin.json,Seed,persona_core,C,registered,
persona_cards.C.kakashi.WMAIN.boundaries.staged,free_stage_card_dolphin.json,Seed,persona_core,C,registered,
persona_cards.C.kakashi.WMAIN.boundaries.staged.熟络旅伴,free_stage_card_dolphin.json,Seed,persona_core,C,registered,
persona_cards.C.kakashi.WMAIN.boundaries.staged.熟络旅伴[],free_stage_card_dolphin.json,Seed,persona_core,C,registered,
persona_cards.C.kakashi.WMAIN.boundaries.staged.萍水相逢,free_stage_card_dolphin.json,Seed,persona_core,C,registered,
persona_cards.C.kakashi.WMAIN.boundaries.staged.萍水相逢[],free_stage_card_dolphin.json,Seed,persona_core,C,registered,
persona_cards.C.kakashi.WMAIN.boundaries.style,free_stage_card_dolphin.json,Seed,persona_core,C,registered,
persona_cards.C.kakashi.WMAIN.constraints,free_stage_card_dolphin.json,Mixed,persona_core|storylet.invariants,C/D,registered,
persona_cards.C.kakashi.WMAIN.constraints[],free_stage_card_dolphin.json,Mixed,persona_core|storylet.invariants,C/D,registered,
persona_cards.C.kakashi.WMAIN.name,free_stage_card_dolphin.json,Seed,archetypes/consciousnesses,A,registered,
persona_cards.C.kakashi.WMAIN.voice_samples,free_stage_card_dolphin.json,Seed,persona_core,C,registered,
persona_cards.C.kakashi.WMAIN.voice_samples[],free_stage_card_dolphin.json,Seed,persona_core,C,registered,
persona_cards.C.xiuzai.WMAIN,free_stage_card_dolphin.json,Mixed,see_leaf,?,registered,
persona_cards.C.xiuzai.WMAIN.boundaries,free_stage_card_dolphin.json,Seed,persona_core,C,registered,
persona_cards.C.xiuzai.WMAIN.boundaries.hard,free_stage_card_dolphin.json,Seed,persona_core,C,registered,
persona_cards.C.xiuzai.WMAIN.boundaries.hard[],free_stage_card_dolphin.json,Seed,persona_core,C,registered,
persona_cards.C.xiuzai.WMAIN.boundaries.staged,free_stage_card_dolphin.json,Seed,persona_core,C,registered,
persona_cards.C.xiuzai.WMAIN.boundaries.staged.熟络旅伴,free_stage_card_dolphin.json,Seed,persona_core,C,registered,
persona_cards.C.xiuzai.WMAIN.boundaries.staged.熟络旅伴[],free_stage_card_dolphin.json,Seed,persona_core,C,registered,
persona_cards.C.xiuzai.WMAIN.boundaries.staged.萍水相逢,free_stage_card_dolphin.json,Seed,persona_core,C,registered,
persona_cards.C.xiuzai.WMAIN.boundaries.staged.萍水相逢[],free_stage_card_dolphin.json,Seed,persona_core,C,registered,
persona_cards.C.xiuzai.WMAIN.boundaries.style,free_stage_card_dolphin.json,Seed,persona_core,C,registered,
persona_cards.C.xiuzai.WMAIN.constraints,free_stage_card_dolphin.json,Mixed,persona_core|storylet.invariants,C/D,registered,
persona_cards.C.xiuzai.WMAIN.constraints[],free_stage_card_dolphin.json,Mixed,persona_core|storylet.invariants,C/D,registered,
persona_cards.C.xiuzai.WMAIN.name,free_stage_card_dolphin.json,Seed,archetypes/consciousnesses,A,registered,
persona_cards.C.xiuzai.WMAIN.voice_samples,free_stage_card_dolphin.json,Seed,persona_core,C,registered,
persona_cards.C.xiuzai.WMAIN.voice_samples[],free_stage_card_dolphin.json,Seed,persona_core,C,registered,
present,free_stage_card_dolphin.json,Storylet,node_contracts/meta,D,registered,
present[],free_stage_card_dolphin.json,Unclassified,TBD,?,registered,
scene,free_stage_card_dolphin.json,Storylet,node_contracts/meta,D,registered,
scene_frame,free_stage_card_dolphin.json,Storylet,node_contracts,D,registered,
scene_frame.when,free_stage_card_dolphin.json,Storylet,node_contracts,D,registered,
scene_frame.where,free_stage_card_dolphin.json,Storylet,node_contracts,D,registered,
scene_frame.为什么在这里,free_stage_card_dolphin.json,Storylet,node_contracts,D,registered,
scene_frame.关系,free_stage_card_dolphin.json,Storylet,node_contracts,D,registered,
scene_frame.此刻想要什么,free_stage_card_dolphin.json,Storylet,node_contracts,D,registered,
scene_id,free_stage_card_dolphin.json,Storylet,node_contracts/meta,D,registered,
blurb,free_stage_card_highway.json,Storylet,node_contracts,D,registered,
branch_points,free_stage_card_highway.json,Storylet,node_contracts,D,registered,
branch_points[],free_stage_card_highway.json,Storylet,node_contracts,D,registered,
branch_points[].desc,free_stage_card_highway.json,Unclassified,TBD,?,registered,
branch_points[].id,free_stage_card_highway.json,Unclassified,TBD,?,registered,
branch_points[].keywords,free_stage_card_highway.json,Unclassified,TBD,?,registered,
branch_points[].keywords.negative,free_stage_card_highway.json,Unclassified,TBD,?,registered,
branch_points[].keywords.negative[],free_stage_card_highway.json,Unclassified,TBD,?,registered,
branch_points[].keywords.positive,free_stage_card_highway.json,Unclassified,TBD,?,registered,
branch_points[].keywords.positive[],free_stage_card_highway.json,Unclassified,TBD,?,registered,
branch_points[].trigger,free_stage_card_highway.json,Unclassified,TBD,?,registered,
branch_rules,free_stage_card_highway.json,Storylet,node_contracts,D,registered,
branch_rules.branched_full,free_stage_card_highway.json,Storylet,node_contracts,D,registered,
branch_rules.branched_full[],free_stage_card_highway.json,Storylet,node_contracts,D,registered,
ch_anchor,free_stage_card_highway.json,Storylet,node_contracts/meta,D,registered,
clock,free_stage_card_highway.json,Storylet,node_contracts/meta,D,registered,
current_event_terms,free_stage_card_highway.json,Storylet,node_contracts,D,registered,
current_event_terms[],free_stage_card_highway.json,Storylet,node_contracts,D,registered,
entry_hook,free_stage_card_highway.json,Storylet,node_contracts,D,registered,
exits,free_stage_card_highway.json,Storylet,node_contracts,D,registered,
exits[],free_stage_card_highway.json,Storylet,node_contracts,D,registered,
exits[].bridge_text_variants,free_stage_card_highway.json,Unclassified,TBD,?,registered,
exits[].bridge_text_variants.branched_full,free_stage_card_highway.json,Unclassified,TBD,?,registered,
exits[].bridge_text_variants.converged,free_stage_card_highway.json,Unclassified,TBD,?,registered,
exits[].target_card,free_stage_card_highway.json,Unclassified,TBD,?,registered,
exits[].trigger,free_stage_card_highway.json,Unclassified,TBD,?,registered,
force_exit,free_stage_card_highway.json,Storylet,node_contracts,D,registered,
locks,free_stage_card_highway.json,Storylet,node_contracts,D,registered,
locks[],free_stage_card_highway.json,Storylet,node_contracts,D,registered,
memory_layers,free_stage_card_highway.json,Unclassified,TBD,?,registered,
memory_layers.context_memory,free_stage_card_highway.json,Mixed,slow_memory|run,C/D,registered,
memory_layers.context_memory[],free_stage_card_highway.json,Mixed,slow_memory|run,C/D,registered,
memory_layers.knowledge_gate,free_stage_card_highway.json,Seed,knowledge_schedule,A,registered,
memory_layers.knowledge_gate[],free_stage_card_highway.json,Seed,knowledge_schedule,A,registered,
memory_layers.relationship_memory,free_stage_card_highway.json,Mixed,REL|run,C/D,registered,
memory_layers.relationship_memory[],free_stage_card_highway.json,Mixed,REL|run,C/D,registered,
must_happen,free_stage_card_highway.json,Storylet,node_contracts,D,registered,
must_happen[],free_stage_card_highway.json,Storylet,node_contracts,D,registered,
must_happen[].after,free_stage_card_highway.json,Unclassified,TBD,?,registered,
must_happen[].desc,free_stage_card_highway.json,Unclassified,TBD,?,registered,
must_happen[].evidence,free_stage_card_highway.json,Unclassified,TBD,?,registered,
must_happen[].id,free_stage_card_highway.json,Unclassified,TBD,?,registered,
persona_cards,free_stage_card_highway.json,Unclassified,TBD,?,registered,
persona_cards.C.kakashi.WMAIN,free_stage_card_highway.json,Mixed,see_leaf,?,registered,
persona_cards.C.kakashi.WMAIN.boundaries,free_stage_card_highway.json,Seed,persona_core,C,registered,
persona_cards.C.kakashi.WMAIN.boundaries.hard,free_stage_card_highway.json,Seed,persona_core,C,registered,
persona_cards.C.kakashi.WMAIN.boundaries.hard[],free_stage_card_highway.json,Seed,persona_core,C,registered,
persona_cards.C.kakashi.WMAIN.boundaries.soft,free_stage_card_highway.json,Seed,persona_core,C,registered,
persona_cards.C.kakashi.WMAIN.boundaries.soft[],free_stage_card_highway.json,Seed,persona_core,C,registered,
persona_cards.C.kakashi.WMAIN.boundaries.style,free_stage_card_highway.json,Seed,persona_core,C,registered,
persona_cards.C.kakashi.WMAIN.boundaries.voice_samples,free_stage_card_highway.json,Seed,persona_core,C,registered,
persona_cards.C.kakashi.WMAIN.boundaries.voice_samples[],free_stage_card_highway.json,Seed,persona_core,C,registered,
persona_cards.C.kakashi.WMAIN.constraints,free_stage_card_highway.json,Mixed,persona_core|storylet.invariants,C/D,registered,
persona_cards.C.kakashi.WMAIN.constraints[],free_stage_card_highway.json,Mixed,persona_core|storylet.invariants,C/D,registered,
persona_cards.C.kakashi.WMAIN.inner_state,free_stage_card_highway.json,Storylet,storylet.entry_affect,D,registered,
persona_cards.C.kakashi.WMAIN.inner_state.knot,free_stage_card_highway.json,Storylet,storylet.entry_affect,D,registered,
persona_cards.C.kakashi.WMAIN.inner_state.stance_to_player,free_stage_card_highway.json,Storylet,storylet.entry_affect,D,registered,
persona_cards.C.kakashi.WMAIN.inner_state.unsaid,free_stage_card_highway.json,Storylet,storylet.entry_affect,D,registered,
persona_cards.C.kakashi.WMAIN.inner_state.want_now,free_stage_card_highway.json,Storylet,storylet.entry_affect,D,registered,
persona_cards.C.kakashi.WMAIN.name,free_stage_card_highway.json,Seed,archetypes/consciousnesses,A,registered,
persona_cards.C.kakashi.WMAIN.voice_samples,free_stage_card_highway.json,Seed,persona_core,C,registered,
persona_cards.C.kakashi.WMAIN.voice_samples[],free_stage_card_highway.json,Seed,persona_core,C,registered,
persona_cards.C.xiuzai.WMAIN,free_stage_card_highway.json,Mixed,see_leaf,?,registered,
persona_cards.C.xiuzai.WMAIN.boundaries,free_stage_card_highway.json,Seed,persona_core,C,registered,
persona_cards.C.xiuzai.WMAIN.boundaries.hard,free_stage_card_highway.json,Seed,persona_core,C,registered,
persona_cards.C.xiuzai.WMAIN.boundaries.hard[],free_stage_card_highway.json,Seed,persona_core,C,registered,
persona_cards.C.xiuzai.WMAIN.boundaries.soft,free_stage_card_highway.json,Seed,persona_core,C,registered,
persona_cards.C.xiuzai.WMAIN.boundaries.soft[],free_stage_card_highway.json,Seed,persona_core,C,registered,
persona_cards.C.xiuzai.WMAIN.boundaries.style,free_stage_card_highway.json,Seed,persona_core,C,registered,
persona_cards.C.xiuzai.WMAIN.boundaries.voice_samples,free_stage_card_highway.json,Seed,persona_core,C,registered,
persona_cards.C.xiuzai.WMAIN.boundaries.voice_samples[],free_stage_card_highway.json,Seed,persona_core,C,registered,
persona_cards.C.xiuzai.WMAIN.constraints,free_stage_card_highway.json,Mixed,persona_core|storylet.invariants,C/D,registered,
persona_cards.C.xiuzai.WMAIN.constraints[],free_stage_card_highway.json,Mixed,persona_core|storylet.invariants,C/D,registered,
persona_cards.C.xiuzai.WMAIN.inner_state,free_stage_card_highway.json,Storylet,storylet.entry_affect,D,registered,
persona_cards.C.xiuzai.WMAIN.inner_state.knot,free_stage_card_highway.json,Storylet,storylet.entry_affect,D,registered,
persona_cards.C.xiuzai.WMAIN.inner_state.stance_to_player,free_stage_card_highway.json,Storylet,storylet.entry_affect,D,registered,
persona_cards.C.xiuzai.WMAIN.inner_state.unsaid,free_stage_card_highway.json,Storylet,storylet.entry_affect,D,registered,
persona_cards.C.xiuzai.WMAIN.inner_state.want_now,free_stage_card_highway.json,Storylet,storylet.entry_affect,D,registered,
persona_cards.C.xiuzai.WMAIN.name,free_stage_card_highway.json,Seed,archetypes/consciousnesses,A,registered,
persona_cards.C.xiuzai.WMAIN.voice_samples,free_stage_card_highway.json,Seed,persona_core,C,registered,
persona_cards.C.xiuzai.WMAIN.voice_samples[],free_stage_card_highway.json,Seed,persona_core,C,registered,
present,free_stage_card_highway.json,Storylet,node_contracts/meta,D,registered,
present[],free_stage_card_highway.json,Unclassified,TBD,?,registered,
scene,free_stage_card_highway.json,Storylet,node_contracts/meta,D,registered,
scene_frame,free_stage_card_highway.json,Storylet,node_contracts,D,registered,
scene_frame.when,free_stage_card_highway.json,Storylet,node_contracts,D,registered,
scene_frame.where,free_stage_card_highway.json,Storylet,node_contracts,D,registered,
scene_frame.为什么在这里,free_stage_card_highway.json,Storylet,node_contracts,D,registered,
scene_frame.关系,free_stage_card_highway.json,Storylet,node_contracts,D,registered,
scene_frame.此刻想要什么,free_stage_card_highway.json,Storylet,node_contracts,D,registered,
scene_id,free_stage_card_highway.json,Storylet,node_contracts/meta,D,registered,
scene_source_excerpt,free_stage_card_highway.json,Storylet,node_contracts,D,registered,
scene_source_excerpt._note,free_stage_card_highway.json,Storylet,node_contracts,D,registered,
scene_source_excerpt.大货逆行,free_stage_card_highway.json,Storylet,node_contracts,D,registered,
scene_source_excerpt.车中夜谈,free_stage_card_highway.json,Storylet,node_contracts,D,registered,
scene_source_excerpt.避险打滑,free_stage_card_highway.json,Storylet,node_contracts,D,registered,
_frame_id,free_stage_card_hospital.json,Unclassified,TBD,?,registered,
_projection_note,free_stage_card_hospital.json,Unclassified,TBD,?,registered,
_projection_of,free_stage_card_hospital.json,Unclassified,TBD,?,registered,
_view,free_stage_card_hospital.json,Unclassified,TBD,?,registered,
blurb,free_stage_card_hospital.json,Storylet,node_contracts,D,registered,
ch_anchor,free_stage_card_hospital.json,Storylet,node_contracts/meta,D,registered,
clock,free_stage_card_hospital.json,Storylet,node_contracts/meta,D,registered,
current_event_terms,free_stage_card_hospital.json,Storylet,node_contracts,D,registered,
current_event_terms[],free_stage_card_hospital.json,Storylet,node_contracts,D,registered,
entry_hook,free_stage_card_hospital.json,Storylet,node_contracts,D,registered,
locks,free_stage_card_hospital.json,Storylet,node_contracts,D,registered,
locks[],free_stage_card_hospital.json,Storylet,node_contracts,D,registered,
memory_layers,free_stage_card_hospital.json,Unclassified,TBD,?,registered,
memory_layers.context_memory,free_stage_card_hospital.json,Mixed,slow_memory|run,C/D,registered,
memory_layers.context_memory[],free_stage_card_hospital.json,Mixed,slow_memory|run,C/D,registered,
memory_layers.knowledge_gate,free_stage_card_hospital.json,Seed,knowledge_schedule,A,registered,
memory_layers.knowledge_gate[],free_stage_card_hospital.json,Seed,knowledge_schedule,A,registered,
memory_layers.relationship_memory,free_stage_card_hospital.json,Mixed,REL|run,C/D,registered,
memory_layers.relationship_memory[],free_stage_card_hospital.json,Mixed,REL|run,C/D,registered,
must_happen,free_stage_card_hospital.json,Storylet,node_contracts,D,registered,
must_happen[],free_stage_card_hospital.json,Storylet,node_contracts,D,registered,
must_happen[].after,free_stage_card_hospital.json,Unclassified,TBD,?,registered,
must_happen[].desc,free_stage_card_hospital.json,Unclassified,TBD,?,registered,
must_happen[].desc_variants,free_stage_card_hospital.json,Unclassified,TBD,?,registered,
must_happen[].desc_variants.branched_full,free_stage_card_hospital.json,Unclassified,TBD,?,registered,
must_happen[].desc_variants.converged,free_stage_card_hospital.json,Unclassified,TBD,?,registered,
must_happen[].evidence,free_stage_card_hospital.json,Unclassified,TBD,?,registered,
must_happen[].frame_beat,free_stage_card_hospital.json,Unclassified,TBD,?,registered,
must_happen[].frame_beat[],free_stage_card_hospital.json,Unclassified,TBD,?,registered,
must_happen[].id,free_stage_card_hospital.json,Unclassified,TBD,?,registered,
persona_cards,free_stage_card_hospital.json,Unclassified,TBD,?,registered,
persona_cards.C.kakashi.WMAIN,free_stage_card_hospital.json,Mixed,see_leaf,?,registered,
persona_cards.C.kakashi.WMAIN.boundaries,free_stage_card_hospital.json,Seed,persona_core,C,registered,
persona_cards.C.kakashi.WMAIN.boundaries.hard,free_stage_card_hospital.json,Seed,persona_core,C,registered,
persona_cards.C.kakashi.WMAIN.boundaries.hard[],free_stage_card_hospital.json,Seed,persona_core,C,registered,
persona_cards.C.kakashi.WMAIN.boundaries.soft,free_stage_card_hospital.json,Seed,persona_core,C,registered,
persona_cards.C.kakashi.WMAIN.boundaries.soft[],free_stage_card_hospital.json,Seed,persona_core,C,registered,
persona_cards.C.kakashi.WMAIN.boundaries.style,free_stage_card_hospital.json,Seed,persona_core,C,registered,
persona_cards.C.kakashi.WMAIN.boundaries.voice_samples,free_stage_card_hospital.json,Seed,persona_core,C,registered,
persona_cards.C.kakashi.WMAIN.boundaries.voice_samples[],free_stage_card_hospital.json,Seed,persona_core,C,registered,
persona_cards.C.kakashi.WMAIN.constraints,free_stage_card_hospital.json,Mixed,persona_core|storylet.invariants,C/D,registered,
persona_cards.C.kakashi.WMAIN.constraints[],free_stage_card_hospital.json,Mixed,persona_core|storylet.invariants,C/D,registered,
persona_cards.C.kakashi.WMAIN.inner_state,free_stage_card_hospital.json,Storylet,storylet.entry_affect,D,registered,
persona_cards.C.kakashi.WMAIN.inner_state.knot,free_stage_card_hospital.json,Storylet,storylet.entry_affect,D,registered,
persona_cards.C.kakashi.WMAIN.inner_state.stance_to_player,free_stage_card_hospital.json,Storylet,storylet.entry_affect,D,registered,
persona_cards.C.kakashi.WMAIN.inner_state.unsaid,free_stage_card_hospital.json,Storylet,storylet.entry_affect,D,registered,
persona_cards.C.kakashi.WMAIN.inner_state.want_now,free_stage_card_hospital.json,Storylet,storylet.entry_affect,D,registered,
persona_cards.C.kakashi.WMAIN.name,free_stage_card_hospital.json,Seed,archetypes/consciousnesses,A,registered,
persona_cards.C.xiuzai.WMAIN,free_stage_card_hospital.json,Mixed,see_leaf,?,registered,
persona_cards.C.xiuzai.WMAIN.boundaries,free_stage_card_hospital.json,Seed,persona_core,C,registered,
persona_cards.C.xiuzai.WMAIN.boundaries.hard,free_stage_card_hospital.json,Seed,persona_core,C,registered,
persona_cards.C.xiuzai.WMAIN.boundaries.hard[],free_stage_card_hospital.json,Seed,persona_core,C,registered,
persona_cards.C.xiuzai.WMAIN.boundaries.soft,free_stage_card_hospital.json,Seed,persona_core,C,registered,
persona_cards.C.xiuzai.WMAIN.boundaries.soft[],free_stage_card_hospital.json,Seed,persona_core,C,registered,
persona_cards.C.xiuzai.WMAIN.boundaries.style,free_stage_card_hospital.json,Seed,persona_core,C,registered,
persona_cards.C.xiuzai.WMAIN.boundaries.voice_samples,free_stage_card_hospital.json,Seed,persona_core,C,registered,
persona_cards.C.xiuzai.WMAIN.boundaries.voice_samples[],free_stage_card_hospital.json,Seed,persona_core,C,registered,
persona_cards.C.xiuzai.WMAIN.constraints,free_stage_card_hospital.json,Mixed,persona_core|storylet.invariants,C/D,registered,
persona_cards.C.xiuzai.WMAIN.constraints[],free_stage_card_hospital.json,Mixed,persona_core|storylet.invariants,C/D,registered,
persona_cards.C.xiuzai.WMAIN.inner_state,free_stage_card_hospital.json,Storylet,storylet.entry_affect,D,registered,
persona_cards.C.xiuzai.WMAIN.inner_state.knot,free_stage_card_hospital.json,Storylet,storylet.entry_affect,D,registered,
persona_cards.C.xiuzai.WMAIN.inner_state.stance_to_player,free_stage_card_hospital.json,Storylet,storylet.entry_affect,D,registered,
persona_cards.C.xiuzai.WMAIN.inner_state.unsaid,free_stage_card_hospital.json,Storylet,storylet.entry_affect,D,registered,
persona_cards.C.xiuzai.WMAIN.inner_state.want_now,free_stage_card_hospital.json,Storylet,storylet.entry_affect,D,registered,
persona_cards.C.xiuzai.WMAIN.name,free_stage_card_hospital.json,Seed,archetypes/consciousnesses,A,registered,
present,free_stage_card_hospital.json,Storylet,node_contracts/meta,D,registered,
present[],free_stage_card_hospital.json,Unclassified,TBD,?,registered,
scene,free_stage_card_hospital.json,Storylet,node_contracts/meta,D,registered,
scene_frame,free_stage_card_hospital.json,Storylet,node_contracts,D,registered,
scene_frame.when,free_stage_card_hospital.json,Storylet,node_contracts,D,registered,
scene_frame.where,free_stage_card_hospital.json,Storylet,node_contracts,D,registered,
scene_frame.为什么在这里,free_stage_card_hospital.json,Storylet,node_contracts,D,registered,
scene_frame.关系,free_stage_card_hospital.json,Storylet,node_contracts,D,registered,
scene_frame.此刻想要什么,free_stage_card_hospital.json,Storylet,node_contracts,D,registered,
scene_id,free_stage_card_hospital.json,Storylet,node_contracts/meta,D,registered,
scene_source_excerpt,free_stage_card_hospital.json,Storylet,node_contracts,D,registered,
scene_source_excerpt._note,free_stage_card_hospital.json,Storylet,node_contracts,D,registered,
scene_source_excerpt.姐姐重逢,free_stage_card_hospital.json,Storylet,node_contracts,D,registered,
scene_source_excerpt.急诊走廊,free_stage_card_hospital.json,Storylet,node_contracts,D,registered,
scene_source_excerpt.装傻应对,free_stage_card_hospital.json,Storylet,node_contracts,D,registered,
_frame_id,free_stage_card_milktea_4p.json,Unclassified,TBD,?,registered,
_projection_note,free_stage_card_milktea_4p.json,Unclassified,TBD,?,registered,
_projection_of,free_stage_card_milktea_4p.json,Unclassified,TBD,?,registered,
_view,free_stage_card_milktea_4p.json,Unclassified,TBD,?,registered,
ambient_stage,free_stage_card_milktea_4p.json,Storylet,node_contracts,D,registered,
ambient_stage.桌面,free_stage_card_milktea_4p.json,Storylet,node_contracts,D,registered,
ambient_stage.楼梯,free_stage_card_milktea_4p.json,Storylet,node_contracts,D,registered,
ambient_stage.窗边,free_stage_card_milktea_4p.json,Storylet,node_contracts,D,registered,
autonomous_decisions,free_stage_card_milktea_4p.json,Storylet,node_contracts,D,registered,
autonomous_decisions[],free_stage_card_milktea_4p.json,Storylet,node_contracts,D,registered,
autonomous_decisions[].actor_cons,free_stage_card_milktea_4p.json,Unclassified,TBD,?,registered,
autonomous_decisions[].after_must_happen,free_stage_card_milktea_4p.json,Unclassified,TBD,?,registered,
autonomous_decisions[].after_must_happen[],free_stage_card_milktea_4p.json,Unclassified,TBD,?,registered,
autonomous_decisions[].decision_id,free_stage_card_milktea_4p.json,Unclassified,TBD,?,registered,
autonomous_decisions[].outcome_branch_progress,free_stage_card_milktea_4p.json,Unclassified,TBD,?,registered,
autonomous_decisions[].outcome_branch_progress.alternative,free_stage_card_milktea_4p.json,Unclassified,TBD,?,registered,
autonomous_decisions[].outcome_branch_progress.alternative[],free_stage_card_milktea_4p.json,Unclassified,TBD,?,registered,
autonomous_decisions[].outcome_branch_progress.defer,free_stage_card_milktea_4p.json,Unclassified,TBD,?,registered,
autonomous_decisions[].outcome_branch_progress.defer[],free_stage_card_milktea_4p.json,Unclassified,TBD,?,registered,
autonomous_decisions[].outcome_branch_progress.leave,free_stage_card_milktea_4p.json,Unclassified,TBD,?,registered,
autonomous_decisions[].outcome_branch_progress.leave[],free_stage_card_milktea_4p.json,Unclassified,TBD,?,registered,
autonomous_decisions[].outcome_scene_effects,free_stage_card_milktea_4p.json,Unclassified,TBD,?,registered,
autonomous_decisions[].outcome_scene_effects.leave,free_stage_card_milktea_4p.json,Unclassified,TBD,?,registered,
autonomous_decisions[].outcome_scene_effects.leave.actor_leaves_scene,free_stage_card_milktea_4p.json,Unclassified,TBD,?,registered,
autonomous_decisions[].situation,free_stage_card_milktea_4p.json,Unclassified,TBD,?,registered,
autonomous_decisions[].valid_outcomes,free_stage_card_milktea_4p.json,Unclassified,TBD,?,registered,
autonomous_decisions[].valid_outcomes[],free_stage_card_milktea_4p.json,Unclassified,TBD,?,registered,
blurb,free_stage_card_milktea_4p.json,Storylet,node_contracts,D,registered,
ch_anchor,free_stage_card_milktea_4p.json,Storylet,node_contracts/meta,D,registered,
clock,free_stage_card_milktea_4p.json,Storylet,node_contracts/meta,D,registered,
current_event_terms,free_stage_card_milktea_4p.json,Storylet,node_contracts,D,registered,
current_event_terms[],free_stage_card_milktea_4p.json,Storylet,node_contracts,D,registered,
director_beats,free_stage_card_milktea_4p.json,Storylet,node_contracts,D,registered,
entry_hook,free_stage_card_milktea_4p.json,Storylet,node_contracts,D,registered,
entry_projection,free_stage_card_milktea_4p.json,Unclassified,TBD,?,registered,
entry_projection.context_memory,free_stage_card_milktea_4p.json,Mixed,slow_memory|run,C/D,registered,
entry_projection.context_memory[],free_stage_card_milktea_4p.json,Mixed,slow_memory|run,C/D,registered,
entry_projection.relationship_memory,free_stage_card_milktea_4p.json,Mixed,REL|run,C/D,registered,
entry_projection.relationship_memory[],free_stage_card_milktea_4p.json,Mixed,REL|run,C/D,registered,
exits,free_stage_card_milktea_4p.json,Storylet,node_contracts,D,registered,
exits[],free_stage_card_milktea_4p.json,Storylet,node_contracts,D,registered,
exits[].bridge_hint,free_stage_card_milktea_4p.json,Unclassified,TBD,?,registered,
exits[].exit_state,free_stage_card_milktea_4p.json,Unclassified,TBD,?,registered,
exits[].requires_autonomous_outcomes,free_stage_card_milktea_4p.json,Unclassified,TBD,?,registered,
exits[].requires_autonomous_outcomes.c16_4p_banbo_after_phone,free_stage_card_milktea_4p.json,Unclassified,TBD,?,registered,
exits[].requires_autonomous_outcomes.c16_4p_yuxuan_after_phone,free_stage_card_milktea_4p.json,Unclassified,TBD,?,registered,
exits[].requires_autonomous_outcomes.c16_4p_zhangchen_after_phone,free_stage_card_milktea_4p.json,Unclassified,TBD,?,registered,
exits[].target_card,free_stage_card_milktea_4p.json,Unclassified,TBD,?,registered,
exits[].trigger,free_stage_card_milktea_4p.json,Unclassified,TBD,?,registered,
intro_complete_must_happen,free_stage_card_milktea_4p.json,Storylet,node_contracts,D,registered,
locks,free_stage_card_milktea_4p.json,Storylet,node_contracts,D,registered,
locks[],free_stage_card_milktea_4p.json,Storylet,node_contracts,D,registered,
memory_layers,free_stage_card_milktea_4p.json,Unclassified,TBD,?,registered,
memory_layers.context_memory,free_stage_card_milktea_4p.json,Mixed,slow_memory|run,C/D,registered,
memory_layers.context_memory[],free_stage_card_milktea_4p.json,Mixed,slow_memory|run,C/D,registered,
memory_layers.knowledge_gate,free_stage_card_milktea_4p.json,Seed,knowledge_schedule,A,registered,
memory_layers.knowledge_gate[],free_stage_card_milktea_4p.json,Seed,knowledge_schedule,A,registered,
memory_layers.relationship_memory,free_stage_card_milktea_4p.json,Mixed,REL|run,C/D,registered,
memory_layers.relationship_memory[],free_stage_card_milktea_4p.json,Mixed,REL|run,C/D,registered,
must_happen,free_stage_card_milktea_4p.json,Storylet,node_contracts,D,registered,
must_happen[],free_stage_card_milktea_4p.json,Storylet,node_contracts,D,registered,
must_happen[].desc,free_stage_card_milktea_4p.json,Unclassified,TBD,?,registered,
must_happen[].evidence,free_stage_card_milktea_4p.json,Unclassified,TBD,?,registered,
must_happen[].frame_beat,free_stage_card_milktea_4p.json,Unclassified,TBD,?,registered,
must_happen[].frame_beat[],free_stage_card_milktea_4p.json,Unclassified,TBD,?,registered,
must_happen[].id,free_stage_card_milktea_4p.json,Unclassified,TBD,?,registered,
persona_cards,free_stage_card_milktea_4p.json,Unclassified,TBD,?,registered,
persona_cards.C.banbo.WMAIN,free_stage_card_milktea_4p.json,Mixed,see_leaf,?,registered,
persona_cards.C.banbo.WMAIN.boundaries,free_stage_card_milktea_4p.json,Seed,persona_core,C,registered,
persona_cards.C.banbo.WMAIN.boundaries.hard,free_stage_card_milktea_4p.json,Seed,persona_core,C,registered,
persona_cards.C.banbo.WMAIN.boundaries.soft,free_stage_card_milktea_4p.json,Seed,persona_core,C,registered,
persona_cards.C.banbo.WMAIN.boundaries.soft[],free_stage_card_milktea_4p.json,Seed,persona_core,C,registered,
persona_cards.C.banbo.WMAIN.boundaries.style,free_stage_card_milktea_4p.json,Seed,persona_core,C,registered,
persona_cards.C.banbo.WMAIN.boundaries.voice_samples,free_stage_card_milktea_4p.json,Seed,persona_core,C,registered,
persona_cards.C.banbo.WMAIN.boundaries.voice_samples[],free_stage_card_milktea_4p.json,Seed,persona_core,C,registered,
persona_cards.C.banbo.WMAIN.constraints,free_stage_card_milktea_4p.json,Mixed,persona_core|storylet.invariants,C/D,registered,
persona_cards.C.banbo.WMAIN.constraints[],free_stage_card_milktea_4p.json,Mixed,persona_core|storylet.invariants,C/D,registered,
persona_cards.C.banbo.WMAIN.inner_state,free_stage_card_milktea_4p.json,Storylet,storylet.entry_affect,D,registered,
persona_cards.C.banbo.WMAIN.inner_state.knot,free_stage_card_milktea_4p.json,Storylet,storylet.entry_affect,D,registered,
persona_cards.C.banbo.WMAIN.inner_state.stance_to_player,free_stage_card_milktea_4p.json,Storylet,storylet.entry_affect,D,registered,
persona_cards.C.banbo.WMAIN.inner_state.unsaid,free_stage_card_milktea_4p.json,Storylet,storylet.entry_affect,D,registered,
persona_cards.C.banbo.WMAIN.inner_state.want_now,free_stage_card_milktea_4p.json,Storylet,storylet.entry_affect,D,registered,
persona_cards.C.banbo.WMAIN.name,free_stage_card_milktea_4p.json,Seed,archetypes/consciousnesses,A,registered,
persona_cards.C.banbo.WMAIN.voice_samples,free_stage_card_milktea_4p.json,Seed,persona_core,C,registered,
persona_cards.C.banbo.WMAIN.voice_samples[],free_stage_card_milktea_4p.json,Seed,persona_core,C,registered,
persona_cards.C.yuxuan.WMAIN,free_stage_card_milktea_4p.json,Mixed,see_leaf,?,registered,
persona_cards.C.yuxuan.WMAIN.boundaries,free_stage_card_milktea_4p.json,Seed,persona_core,C,registered,
persona_cards.C.yuxuan.WMAIN.boundaries.hard,free_stage_card_milktea_4p.json,Seed,persona_core,C,registered,
persona_cards.C.yuxuan.WMAIN.boundaries.soft,free_stage_card_milktea_4p.json,Seed,persona_core,C,registered,
persona_cards.C.yuxuan.WMAIN.boundaries.soft[],free_stage_card_milktea_4p.json,Seed,persona_core,C,registered,
persona_cards.C.yuxuan.WMAIN.boundaries.style,free_stage_card_milktea_4p.json,Seed,persona_core,C,registered,
persona_cards.C.yuxuan.WMAIN.boundaries.voice_samples,free_stage_card_milktea_4p.json,Seed,persona_core,C,registered,
persona_cards.C.yuxuan.WMAIN.boundaries.voice_samples[],free_stage_card_milktea_4p.json,Seed,persona_core,C,registered,
persona_cards.C.yuxuan.WMAIN.constraints,free_stage_card_milktea_4p.json,Mixed,persona_core|storylet.invariants,C/D,registered,
persona_cards.C.yuxuan.WMAIN.constraints[],free_stage_card_milktea_4p.json,Mixed,persona_core|storylet.invariants,C/D,registered,
persona_cards.C.yuxuan.WMAIN.inner_state,free_stage_card_milktea_4p.json,Storylet,storylet.entry_affect,D,registered,
persona_cards.C.yuxuan.WMAIN.inner_state.knot,free_stage_card_milktea_4p.json,Storylet,storylet.entry_affect,D,registered,
persona_cards.C.yuxuan.WMAIN.inner_state.stance_to_player,free_stage_card_milktea_4p.json,Storylet,storylet.entry_affect,D,registered,
persona_cards.C.yuxuan.WMAIN.inner_state.unsaid,free_stage_card_milktea_4p.json,Storylet,storylet.entry_affect,D,registered,
persona_cards.C.yuxuan.WMAIN.inner_state.want_now,free_stage_card_milktea_4p.json,Storylet,storylet.entry_affect,D,registered,
persona_cards.C.yuxuan.WMAIN.name,free_stage_card_milktea_4p.json,Seed,archetypes/consciousnesses,A,registered,
persona_cards.C.yuxuan.WMAIN.voice_samples,free_stage_card_milktea_4p.json,Seed,persona_core,C,registered,
persona_cards.C.yuxuan.WMAIN.voice_samples[],free_stage_card_milktea_4p.json,Seed,persona_core,C,registered,
persona_cards.C.zhangchen.WMAIN,free_stage_card_milktea_4p.json,Mixed,see_leaf,?,registered,
persona_cards.C.zhangchen.WMAIN._review,free_stage_card_milktea_4p.json,Mixed,see_leaf,?,registered,
persona_cards.C.zhangchen.WMAIN.boundaries,free_stage_card_milktea_4p.json,Seed,persona_core,C,registered,
persona_cards.C.zhangchen.WMAIN.boundaries.hard,free_stage_card_milktea_4p.json,Seed,persona_core,C,registered,
persona_cards.C.zhangchen.WMAIN.boundaries.hard[],free_stage_card_milktea_4p.json,Seed,persona_core,C,registered,
persona_cards.C.zhangchen.WMAIN.boundaries.soft,free_stage_card_milktea_4p.json,Seed,persona_core,C,registered,
persona_cards.C.zhangchen.WMAIN.boundaries.soft[],free_stage_card_milktea_4p.json,Seed,persona_core,C,registered,
persona_cards.C.zhangchen.WMAIN.boundaries.style,free_stage_card_milktea_4p.json,Seed,persona_core,C,registered,
persona_cards.C.zhangchen.WMAIN.boundaries.voice_samples,free_stage_card_milktea_4p.json,Seed,persona_core,C,registered,
persona_cards.C.zhangchen.WMAIN.boundaries.voice_samples[],free_stage_card_milktea_4p.json,Seed,persona_core,C,registered,
persona_cards.C.zhangchen.WMAIN.constraints,free_stage_card_milktea_4p.json,Mixed,persona_core|storylet.invariants,C/D,registered,
persona_cards.C.zhangchen.WMAIN.constraints[],free_stage_card_milktea_4p.json,Mixed,persona_core|storylet.invariants,C/D,registered,
persona_cards.C.zhangchen.WMAIN.inner_state,free_stage_card_milktea_4p.json,Storylet,storylet.entry_affect,D,registered,
persona_cards.C.zhangchen.WMAIN.inner_state.knot,free_stage_card_milktea_4p.json,Storylet,storylet.entry_affect,D,registered,
persona_cards.C.zhangchen.WMAIN.inner_state.stance_to_player,free_stage_card_milktea_4p.json,Storylet,storylet.entry_affect,D,registered,
persona_cards.C.zhangchen.WMAIN.inner_state.unsaid,free_stage_card_milktea_4p.json,Storylet,storylet.entry_affect,D,registered,
persona_cards.C.zhangchen.WMAIN.inner_state.want_now,free_stage_card_milktea_4p.json,Storylet,storylet.entry_affect,D,registered,
persona_cards.C.zhangchen.WMAIN.name,free_stage_card_milktea_4p.json,Seed,archetypes/consciousnesses,A,registered,
persona_cards.C.zhangchen.WMAIN.phase_voice_profile,free_stage_card_milktea_4p.json,Mixed,see_leaf,?,registered,
persona_cards.C.zhangchen.WMAIN.phase_voice_profile.avoid_phrases,free_stage_card_milktea_4p.json,Mixed,see_leaf,?,registered,
persona_cards.C.zhangchen.WMAIN.phase_voice_profile.avoid_phrases[],free_stage_card_milktea_4p.json,Mixed,see_leaf,?,registered,
persona_cards.C.zhangchen.WMAIN.phase_voice_profile.canon_src,free_stage_card_milktea_4p.json,Mixed,see_leaf,?,registered,
persona_cards.C.zhangchen.WMAIN.phase_voice_profile.disclosure_limit,free_stage_card_milktea_4p.json,Mixed,see_leaf,?,registered,
persona_cards.C.zhangchen.WMAIN.phase_voice_profile.phase,free_stage_card_milktea_4p.json,Mixed,see_leaf,?,registered,
persona_cards.C.zhangchen.WMAIN.phase_voice_profile.positive_patterns,free_stage_card_milktea_4p.json,Mixed,see_leaf,?,registered,
persona_cards.C.zhangchen.WMAIN.phase_voice_profile.positive_patterns[],free_stage_card_milktea_4p.json,Mixed,see_leaf,?,registered,
persona_cards.C.zhangchen.WMAIN.phase_voice_profile.source_event,free_stage_card_milktea_4p.json,Mixed,see_leaf,?,registered,
persona_cards.C.zhangchen.WMAIN.voice_samples,free_stage_card_milktea_4p.json,Seed,persona_core,C,registered,
persona_cards.C.zhangchen.WMAIN.voice_samples[],free_stage_card_milktea_4p.json,Seed,persona_core,C,registered,
present,free_stage_card_milktea_4p.json,Storylet,node_contracts/meta,D,registered,
present[],free_stage_card_milktea_4p.json,Unclassified,TBD,?,registered,
scene,free_stage_card_milktea_4p.json,Storylet,node_contracts/meta,D,registered,
scene_frame,free_stage_card_milktea_4p.json,Storylet,node_contracts,D,registered,
scene_frame.when,free_stage_card_milktea_4p.json,Storylet,node_contracts,D,registered,
scene_frame.where,free_stage_card_milktea_4p.json,Storylet,node_contracts,D,registered,
scene_frame.为什么在这里,free_stage_card_milktea_4p.json,Storylet,node_contracts,D,registered,
scene_frame.关系,free_stage_card_milktea_4p.json,Storylet,node_contracts,D,registered,
scene_frame.此刻想要什么,free_stage_card_milktea_4p.json,Storylet,node_contracts,D,registered,
scene_id,free_stage_card_milktea_4p.json,Storylet,node_contracts/meta,D,registered,
scene_source_excerpt,free_stage_card_milktea_4p.json,Storylet,node_contracts,D,registered,
scene_source_excerpt._note,free_stage_card_milktea_4p.json,Storylet,node_contracts,D,registered,
scene_source_excerpt.奶茶店偶遇请布丁,free_stage_card_milktea_4p.json,Storylet,node_contracts,D,registered,
scene_source_excerpt.布丁桌闲聊,free_stage_card_milktea_4p.json,Storylet,node_contracts,D,registered,
social_inference_rules,free_stage_card_milktea_4p.json,Storylet,node_contracts,D,registered,
social_inference_rules[],free_stage_card_milktea_4p.json,Storylet,node_contracts,D,registered,
social_inference_rules[].actor_cons,free_stage_card_milktea_4p.json,Unclassified,TBD,?,registered,
social_inference_rules[].any_tokens,free_stage_card_milktea_4p.json,Unclassified,TBD,?,registered,
social_inference_rules[].any_tokens[],free_stage_card_milktea_4p.json,Unclassified,TBD,?,registered,
social_inference_rules[].rule_id,free_stage_card_milktea_4p.json,Unclassified,TBD,?,registered,
social_inference_rules[].social_instruction,free_stage_card_milktea_4p.json,Unclassified,TBD,?,registered,
_frame_id,free_stage_card_milktea_watch.json,Unclassified,TBD,?,registered,
_projection_note,free_stage_card_milktea_watch.json,Unclassified,TBD,?,registered,
_projection_of,free_stage_card_milktea_watch.json,Unclassified,TBD,?,registered,
_view,free_stage_card_milktea_watch.json,Unclassified,TBD,?,registered,
ambient_stage,free_stage_card_milktea_watch.json,Storylet,node_contracts,D,registered,
ambient_stage.取餐口,free_stage_card_milktea_watch.json,Storylet,node_contracts,D,registered,
ambient_stage.外围旁观位,free_stage_card_milktea_watch.json,Storylet,node_contracts,D,registered,
ambient_stage.楼梯口,free_stage_card_milktea_watch.json,Storylet,node_contracts,D,registered,
autonomous_decisions,free_stage_card_milktea_watch.json,Storylet,node_contracts,D,registered,
autonomous_decisions[],free_stage_card_milktea_watch.json,Storylet,node_contracts,D,registered,
autonomous_decisions[].actor_cons,free_stage_card_milktea_watch.json,Unclassified,TBD,?,registered,
autonomous_decisions[].after_must_happen,free_stage_card_milktea_watch.json,Unclassified,TBD,?,registered,
autonomous_decisions[].after_must_happen[],free_stage_card_milktea_watch.json,Unclassified,TBD,?,registered,
autonomous_decisions[].decision_id,free_stage_card_milktea_watch.json,Unclassified,TBD,?,registered,
autonomous_decisions[].outcome_branch_progress,free_stage_card_milktea_watch.json,Unclassified,TBD,?,registered,
autonomous_decisions[].outcome_branch_progress.alternative,free_stage_card_milktea_watch.json,Unclassified,TBD,?,registered,
autonomous_decisions[].outcome_branch_progress.alternative[],free_stage_card_milktea_watch.json,Unclassified,TBD,?,registered,
autonomous_decisions[].outcome_branch_progress.defer,free_stage_card_milktea_watch.json,Unclassified,TBD,?,registered,
autonomous_decisions[].outcome_branch_progress.defer[],free_stage_card_milktea_watch.json,Unclassified,TBD,?,registered,
autonomous_decisions[].outcome_branch_progress.leave,free_stage_card_milktea_watch.json,Unclassified,TBD,?,registered,
autonomous_decisions[].outcome_branch_progress.leave[],free_stage_card_milktea_watch.json,Unclassified,TBD,?,registered,
autonomous_decisions[].outcome_scene_effects,free_stage_card_milktea_watch.json,Unclassified,TBD,?,registered,
autonomous_decisions[].outcome_scene_effects.leave,free_stage_card_milktea_watch.json,Unclassified,TBD,?,registered,
autonomous_decisions[].outcome_scene_effects.leave.actor_leaves_scene,free_stage_card_milktea_watch.json,Unclassified,TBD,?,registered,
autonomous_decisions[].situation,free_stage_card_milktea_watch.json,Unclassified,TBD,?,registered,
autonomous_decisions[].valid_outcomes,free_stage_card_milktea_watch.json,Unclassified,TBD,?,registered,
autonomous_decisions[].valid_outcomes[],free_stage_card_milktea_watch.json,Unclassified,TBD,?,registered,
blurb,free_stage_card_milktea_watch.json,Storylet,node_contracts,D,registered,
canon_performance,free_stage_card_milktea_watch.json,Storylet,node_contracts,D,registered,
canon_performance.segments,free_stage_card_milktea_watch.json,Storylet,node_contracts,D,registered,
canon_performance.segments[],free_stage_card_milktea_watch.json,Storylet,node_contracts,D,registered,
canon_performance.segments[].canon_src,free_stage_card_milktea_watch.json,Storylet,node_contracts,D,registered,
canon_performance.segments[].completes,free_stage_card_milktea_watch.json,Storylet,node_contracts,D,registered,
canon_performance.segments[].completes[],free_stage_card_milktea_watch.json,Storylet,node_contracts,D,registered,
canon_performance.segments[].event_uid,free_stage_card_milktea_watch.json,Storylet,node_contracts,D,registered,
canon_performance.segments[].interrupt_after,free_stage_card_milktea_watch.json,Storylet,node_contracts,D,registered,
canon_performance.segments[].player_position_after,free_stage_card_milktea_watch.json,Storylet,node_contracts,D,registered,
canon_performance.segments[].scene_uid,free_stage_card_milktea_watch.json,Storylet,node_contracts,D,registered,
canon_performance.segments[].segment_id,free_stage_card_milktea_watch.json,Storylet,node_contracts,D,registered,
canon_performance.segments[].trigger,free_stage_card_milktea_watch.json,Storylet,node_contracts,D,registered,
canon_performance.segments[].turns,free_stage_card_milktea_watch.json,Storylet,node_contracts,D,registered,
canon_performance.segments[].turns[],free_stage_card_milktea_watch.json,Storylet,node_contracts,D,registered,
canon_performance.segments[].turns[].provenance,free_stage_card_milktea_watch.json,Storylet,node_contracts,D,registered,
canon_performance.segments[].turns[].provenance.adaptation_kind,free_stage_card_milktea_watch.json,Storylet,node_contracts,D,registered,
canon_performance.segments[].turns[].provenance.canon_src,free_stage_card_milktea_watch.json,Storylet,node_contracts,D,registered,
canon_performance.segments[].turns[].provenance.event_uid,free_stage_card_milktea_watch.json,Storylet,node_contracts,D,registered,
canon_performance.segments[].turns[].provenance.source_kind,free_stage_card_milktea_watch.json,Storylet,node_contracts,D,registered,
canon_performance.segments[].turns[].provenance.speaker_cons,free_stage_card_milktea_watch.json,Storylet,node_contracts,D,registered,
canon_performance.segments[].turns[].role,free_stage_card_milktea_watch.json,Storylet,node_contracts,D,registered,
canon_performance.segments[].turns[].speaker_before_intro,free_stage_card_milktea_watch.json,Storylet,node_contracts,D,registered,
canon_performance.segments[].turns[].speaker_cons,free_stage_card_milktea_watch.json,Storylet,node_contracts,D,registered,
canon_performance.segments[].turns[].stage,free_stage_card_milktea_watch.json,Storylet,node_contracts,D,registered,
canon_performance.segments[].turns[].text,free_stage_card_milktea_watch.json,Storylet,node_contracts,D,registered,
canon_performance.version,free_stage_card_milktea_watch.json,Storylet,node_contracts,D,registered,
ch_anchor,free_stage_card_milktea_watch.json,Storylet,node_contracts/meta,D,registered,
clock,free_stage_card_milktea_watch.json,Storylet,node_contracts/meta,D,registered,
current_event_terms,free_stage_card_milktea_watch.json,Storylet,node_contracts,D,registered,
current_event_terms[],free_stage_card_milktea_watch.json,Storylet,node_contracts,D,registered,
director_beats,free_stage_card_milktea_watch.json,Storylet,node_contracts,D,registered,
entry_hook,free_stage_card_milktea_watch.json,Storylet,node_contracts,D,registered,
entry_projection,free_stage_card_milktea_watch.json,Unclassified,TBD,?,registered,
entry_projection.context_memory,free_stage_card_milktea_watch.json,Mixed,slow_memory|run,C/D,registered,
entry_projection.context_memory[],free_stage_card_milktea_watch.json,Mixed,slow_memory|run,C/D,registered,
entry_projection.relationship_memory,free_stage_card_milktea_watch.json,Mixed,REL|run,C/D,registered,
entry_projection.relationship_memory[],free_stage_card_milktea_watch.json,Mixed,REL|run,C/D,registered,
exits,free_stage_card_milktea_watch.json,Storylet,node_contracts,D,registered,
exits[],free_stage_card_milktea_watch.json,Storylet,node_contracts,D,registered,
exits[].bridge_hint,free_stage_card_milktea_watch.json,Unclassified,TBD,?,registered,
exits[].exit_state,free_stage_card_milktea_watch.json,Unclassified,TBD,?,registered,
exits[].target_card,free_stage_card_milktea_watch.json,Unclassified,TBD,?,registered,
exits[].trigger,free_stage_card_milktea_watch.json,Unclassified,TBD,?,registered,
intro_complete_must_happen,free_stage_card_milktea_watch.json,Storylet,node_contracts,D,registered,
locks,free_stage_card_milktea_watch.json,Storylet,node_contracts,D,registered,
locks[],free_stage_card_milktea_watch.json,Storylet,node_contracts,D,registered,
memory_layers,free_stage_card_milktea_watch.json,Unclassified,TBD,?,registered,
memory_layers.context_memory,free_stage_card_milktea_watch.json,Mixed,slow_memory|run,C/D,registered,
memory_layers.context_memory[],free_stage_card_milktea_watch.json,Mixed,slow_memory|run,C/D,registered,
memory_layers.knowledge_gate,free_stage_card_milktea_watch.json,Seed,knowledge_schedule,A,registered,
memory_layers.knowledge_gate[],free_stage_card_milktea_watch.json,Seed,knowledge_schedule,A,registered,
memory_layers.relationship_memory,free_stage_card_milktea_watch.json,Mixed,REL|run,C/D,registered,
memory_layers.relationship_memory[],free_stage_card_milktea_watch.json,Mixed,REL|run,C/D,registered,
must_happen,free_stage_card_milktea_watch.json,Storylet,node_contracts,D,registered,
must_happen[],free_stage_card_milktea_watch.json,Storylet,node_contracts,D,registered,
must_happen[].desc,free_stage_card_milktea_watch.json,Unclassified,TBD,?,registered,
must_happen[].evidence,free_stage_card_milktea_watch.json,Unclassified,TBD,?,registered,
must_happen[].frame_beat,free_stage_card_milktea_watch.json,Unclassified,TBD,?,registered,
must_happen[].frame_beat[],free_stage_card_milktea_watch.json,Unclassified,TBD,?,registered,
must_happen[].id,free_stage_card_milktea_watch.json,Unclassified,TBD,?,registered,
persona_cards,free_stage_card_milktea_watch.json,Unclassified,TBD,?,registered,
persona_cards.C.banbo.WMAIN,free_stage_card_milktea_watch.json,Mixed,see_leaf,?,registered,
persona_cards.C.banbo.WMAIN.boundaries,free_stage_card_milktea_watch.json,Seed,persona_core,C,registered,
persona_cards.C.banbo.WMAIN.boundaries.hard,free_stage_card_milktea_watch.json,Seed,persona_core,C,registered,
persona_cards.C.banbo.WMAIN.boundaries.soft,free_stage_card_milktea_watch.json,Seed,persona_core,C,registered,
persona_cards.C.banbo.WMAIN.boundaries.soft[],free_stage_card_milktea_watch.json,Seed,persona_core,C,registered,
persona_cards.C.banbo.WMAIN.boundaries.style,free_stage_card_milktea_watch.json,Seed,persona_core,C,registered,
persona_cards.C.banbo.WMAIN.boundaries.voice_samples,free_stage_card_milktea_watch.json,Seed,persona_core,C,registered,
persona_cards.C.banbo.WMAIN.boundaries.voice_samples[],free_stage_card_milktea_watch.json,Seed,persona_core,C,registered,
persona_cards.C.banbo.WMAIN.constraints,free_stage_card_milktea_watch.json,Mixed,persona_core|storylet.invariants,C/D,registered,
persona_cards.C.banbo.WMAIN.constraints[],free_stage_card_milktea_watch.json,Mixed,persona_core|storylet.invariants,C/D,registered,
persona_cards.C.banbo.WMAIN.inner_state,free_stage_card_milktea_watch.json,Storylet,storylet.entry_affect,D,registered,
persona_cards.C.banbo.WMAIN.inner_state.knot,free_stage_card_milktea_watch.json,Storylet,storylet.entry_affect,D,registered,
persona_cards.C.banbo.WMAIN.inner_state.stance_to_player,free_stage_card_milktea_watch.json,Storylet,storylet.entry_affect,D,registered,
persona_cards.C.banbo.WMAIN.inner_state.unsaid,free_stage_card_milktea_watch.json,Storylet,storylet.entry_affect,D,registered,
persona_cards.C.banbo.WMAIN.inner_state.want_now,free_stage_card_milktea_watch.json,Storylet,storylet.entry_affect,D,registered,
persona_cards.C.banbo.WMAIN.name,free_stage_card_milktea_watch.json,Seed,archetypes/consciousnesses,A,registered,
persona_cards.C.banbo.WMAIN.voice_samples,free_stage_card_milktea_watch.json,Seed,persona_core,C,registered,
persona_cards.C.banbo.WMAIN.voice_samples[],free_stage_card_milktea_watch.json,Seed,persona_core,C,registered,
persona_cards.C.yuxuan.WMAIN,free_stage_card_milktea_watch.json,Mixed,see_leaf,?,registered,
persona_cards.C.yuxuan.WMAIN.boundaries,free_stage_card_milktea_watch.json,Seed,persona_core,C,registered,
persona_cards.C.yuxuan.WMAIN.boundaries.hard,free_stage_card_milktea_watch.json,Seed,persona_core,C,registered,
persona_cards.C.yuxuan.WMAIN.boundaries.soft,free_stage_card_milktea_watch.json,Seed,persona_core,C,registered,
persona_cards.C.yuxuan.WMAIN.boundaries.soft[],free_stage_card_milktea_watch.json,Seed,persona_core,C,registered,
persona_cards.C.yuxuan.WMAIN.boundaries.style,free_stage_card_milktea_watch.json,Seed,persona_core,C,registered,
persona_cards.C.yuxuan.WMAIN.boundaries.voice_samples,free_stage_card_milktea_watch.json,Seed,persona_core,C,registered,
persona_cards.C.yuxuan.WMAIN.boundaries.voice_samples[],free_stage_card_milktea_watch.json,Seed,persona_core,C,registered,
persona_cards.C.yuxuan.WMAIN.constraints,free_stage_card_milktea_watch.json,Mixed,persona_core|storylet.invariants,C/D,registered,
persona_cards.C.yuxuan.WMAIN.constraints[],free_stage_card_milktea_watch.json,Mixed,persona_core|storylet.invariants,C/D,registered,
persona_cards.C.yuxuan.WMAIN.inner_state,free_stage_card_milktea_watch.json,Storylet,storylet.entry_affect,D,registered,
persona_cards.C.yuxuan.WMAIN.inner_state.knot,free_stage_card_milktea_watch.json,Storylet,storylet.entry_affect,D,registered,
persona_cards.C.yuxuan.WMAIN.inner_state.stance_to_player,free_stage_card_milktea_watch.json,Storylet,storylet.entry_affect,D,registered,
persona_cards.C.yuxuan.WMAIN.inner_state.unsaid,free_stage_card_milktea_watch.json,Storylet,storylet.entry_affect,D,registered,
persona_cards.C.yuxuan.WMAIN.inner_state.want_now,free_stage_card_milktea_watch.json,Storylet,storylet.entry_affect,D,registered,
persona_cards.C.yuxuan.WMAIN.name,free_stage_card_milktea_watch.json,Seed,archetypes/consciousnesses,A,registered,
persona_cards.C.yuxuan.WMAIN.voice_samples,free_stage_card_milktea_watch.json,Seed,persona_core,C,registered,
persona_cards.C.yuxuan.WMAIN.voice_samples[],free_stage_card_milktea_watch.json,Seed,persona_core,C,registered,
persona_cards.C.zhangchen.WMAIN,free_stage_card_milktea_watch.json,Mixed,see_leaf,?,registered,
persona_cards.C.zhangchen.WMAIN._review,free_stage_card_milktea_watch.json,Mixed,see_leaf,?,registered,
persona_cards.C.zhangchen.WMAIN.boundaries,free_stage_card_milktea_watch.json,Seed,persona_core,C,registered,
persona_cards.C.zhangchen.WMAIN.boundaries.hard,free_stage_card_milktea_watch.json,Seed,persona_core,C,registered,
persona_cards.C.zhangchen.WMAIN.boundaries.hard[],free_stage_card_milktea_watch.json,Seed,persona_core,C,registered,
persona_cards.C.zhangchen.WMAIN.boundaries.soft,free_stage_card_milktea_watch.json,Seed,persona_core,C,registered,
persona_cards.C.zhangchen.WMAIN.boundaries.soft[],free_stage_card_milktea_watch.json,Seed,persona_core,C,registered,
persona_cards.C.zhangchen.WMAIN.boundaries.style,free_stage_card_milktea_watch.json,Seed,persona_core,C,registered,
persona_cards.C.zhangchen.WMAIN.boundaries.voice_samples,free_stage_card_milktea_watch.json,Seed,persona_core,C,registered,
persona_cards.C.zhangchen.WMAIN.boundaries.voice_samples[],free_stage_card_milktea_watch.json,Seed,persona_core,C,registered,
persona_cards.C.zhangchen.WMAIN.constraints,free_stage_card_milktea_watch.json,Mixed,persona_core|storylet.invariants,C/D,registered,
persona_cards.C.zhangchen.WMAIN.constraints[],free_stage_card_milktea_watch.json,Mixed,persona_core|storylet.invariants,C/D,registered,
persona_cards.C.zhangchen.WMAIN.inner_state,free_stage_card_milktea_watch.json,Storylet,storylet.entry_affect,D,registered,
persona_cards.C.zhangchen.WMAIN.inner_state.knot,free_stage_card_milktea_watch.json,Storylet,storylet.entry_affect,D,registered,
persona_cards.C.zhangchen.WMAIN.inner_state.stance_to_player,free_stage_card_milktea_watch.json,Storylet,storylet.entry_affect,D,registered,
persona_cards.C.zhangchen.WMAIN.inner_state.unsaid,free_stage_card_milktea_watch.json,Storylet,storylet.entry_affect,D,registered,
persona_cards.C.zhangchen.WMAIN.inner_state.want_now,free_stage_card_milktea_watch.json,Storylet,storylet.entry_affect,D,registered,
persona_cards.C.zhangchen.WMAIN.name,free_stage_card_milktea_watch.json,Seed,archetypes/consciousnesses,A,registered,
persona_cards.C.zhangchen.WMAIN.phase_voice_profile,free_stage_card_milktea_watch.json,Mixed,see_leaf,?,registered,
persona_cards.C.zhangchen.WMAIN.phase_voice_profile.avoid_phrases,free_stage_card_milktea_watch.json,Mixed,see_leaf,?,registered,
persona_cards.C.zhangchen.WMAIN.phase_voice_profile.avoid_phrases[],free_stage_card_milktea_watch.json,Mixed,see_leaf,?,registered,
persona_cards.C.zhangchen.WMAIN.phase_voice_profile.canon_src,free_stage_card_milktea_watch.json,Mixed,see_leaf,?,registered,
persona_cards.C.zhangchen.WMAIN.phase_voice_profile.disclosure_limit,free_stage_card_milktea_watch.json,Mixed,see_leaf,?,registered,
persona_cards.C.zhangchen.WMAIN.phase_voice_profile.phase,free_stage_card_milktea_watch.json,Mixed,see_leaf,?,registered,
persona_cards.C.zhangchen.WMAIN.phase_voice_profile.positive_patterns,free_stage_card_milktea_watch.json,Mixed,see_leaf,?,registered,
persona_cards.C.zhangchen.WMAIN.phase_voice_profile.positive_patterns[],free_stage_card_milktea_watch.json,Mixed,see_leaf,?,registered,
persona_cards.C.zhangchen.WMAIN.phase_voice_profile.source_event,free_stage_card_milktea_watch.json,Mixed,see_leaf,?,registered,
persona_cards.C.zhangchen.WMAIN.voice_samples,free_stage_card_milktea_watch.json,Seed,persona_core,C,registered,
persona_cards.C.zhangchen.WMAIN.voice_samples[],free_stage_card_milktea_watch.json,Seed,persona_core,C,registered,
present,free_stage_card_milktea_watch.json,Storylet,node_contracts/meta,D,registered,
present[],free_stage_card_milktea_watch.json,Unclassified,TBD,?,registered,
scene,free_stage_card_milktea_watch.json,Storylet,node_contracts/meta,D,registered,
scene_frame,free_stage_card_milktea_watch.json,Storylet,node_contracts,D,registered,
scene_frame.when,free_stage_card_milktea_watch.json,Storylet,node_contracts,D,registered,
scene_frame.where,free_stage_card_milktea_watch.json,Storylet,node_contracts,D,registered,
scene_frame.为什么在这里,free_stage_card_milktea_watch.json,Storylet,node_contracts,D,registered,
scene_frame.关系,free_stage_card_milktea_watch.json,Storylet,node_contracts,D,registered,
scene_frame.此刻想要什么,free_stage_card_milktea_watch.json,Storylet,node_contracts,D,registered,
scene_id,free_stage_card_milktea_watch.json,Storylet,node_contracts/meta,D,registered,
scene_source_excerpt,free_stage_card_milktea_watch.json,Storylet,node_contracts,D,registered,
scene_source_excerpt._note,free_stage_card_milktea_watch.json,Storylet,node_contracts,D,registered,
scene_source_excerpt.奶茶店偶遇请布丁,free_stage_card_milktea_watch.json,Storylet,node_contracts,D,registered,
scene_source_excerpt.布丁桌闲聊,free_stage_card_milktea_watch.json,Storylet,node_contracts,D,registered,
_frame_id,free_stage_card_milktea_weichu.json,Unclassified,TBD,?,registered,
_projection_note,free_stage_card_milktea_weichu.json,Unclassified,TBD,?,registered,
_projection_of,free_stage_card_milktea_weichu.json,Unclassified,TBD,?,registered,
_view,free_stage_card_milktea_weichu.json,Unclassified,TBD,?,registered,
ambient_stage,free_stage_card_milktea_weichu.json,Storylet,node_contracts,D,registered,
ambient_stage.一楼,free_stage_card_milktea_weichu.json,Storylet,node_contracts,D,registered,
ambient_stage.二楼,free_stage_card_milktea_weichu.json,Storylet,node_contracts,D,registered,
ambient_stage.门口,free_stage_card_milktea_weichu.json,Storylet,node_contracts,D,registered,
autonomous_decisions,free_stage_card_milktea_weichu.json,Storylet,node_contracts,D,registered,
autonomous_decisions[],free_stage_card_milktea_weichu.json,Storylet,node_contracts,D,registered,
autonomous_decisions[].actor_cons,free_stage_card_milktea_weichu.json,Unclassified,TBD,?,registered,
autonomous_decisions[].after_must_happen,free_stage_card_milktea_weichu.json,Unclassified,TBD,?,registered,
autonomous_decisions[].after_must_happen[],free_stage_card_milktea_weichu.json,Unclassified,TBD,?,registered,
autonomous_decisions[].decision_id,free_stage_card_milktea_weichu.json,Unclassified,TBD,?,registered,
autonomous_decisions[].outcome_branch_progress,free_stage_card_milktea_weichu.json,Unclassified,TBD,?,registered,
autonomous_decisions[].outcome_branch_progress.alternative,free_stage_card_milktea_weichu.json,Unclassified,TBD,?,registered,
autonomous_decisions[].outcome_branch_progress.alternative[],free_stage_card_milktea_weichu.json,Unclassified,TBD,?,registered,
autonomous_decisions[].outcome_branch_progress.defer,free_stage_card_milktea_weichu.json,Unclassified,TBD,?,registered,
autonomous_decisions[].outcome_branch_progress.defer[],free_stage_card_milktea_weichu.json,Unclassified,TBD,?,registered,
autonomous_decisions[].outcome_branch_progress.leave,free_stage_card_milktea_weichu.json,Unclassified,TBD,?,registered,
autonomous_decisions[].outcome_branch_progress.leave[],free_stage_card_milktea_weichu.json,Unclassified,TBD,?,registered,
autonomous_decisions[].outcome_scene_effects,free_stage_card_milktea_weichu.json,Unclassified,TBD,?,registered,
autonomous_decisions[].outcome_scene_effects.leave,free_stage_card_milktea_weichu.json,Unclassified,TBD,?,registered,
autonomous_decisions[].outcome_scene_effects.leave.actor_leaves_scene,free_stage_card_milktea_weichu.json,Unclassified,TBD,?,registered,
autonomous_decisions[].situation,free_stage_card_milktea_weichu.json,Unclassified,TBD,?,registered,
autonomous_decisions[].valid_outcomes,free_stage_card_milktea_weichu.json,Unclassified,TBD,?,registered,
autonomous_decisions[].valid_outcomes[],free_stage_card_milktea_weichu.json,Unclassified,TBD,?,registered,
blurb,free_stage_card_milktea_weichu.json,Storylet,node_contracts,D,registered,
canon_performance,free_stage_card_milktea_weichu.json,Storylet,node_contracts,D,registered,
canon_performance.segments,free_stage_card_milktea_weichu.json,Storylet,node_contracts,D,registered,
canon_performance.segments[],free_stage_card_milktea_weichu.json,Storylet,node_contracts,D,registered,
canon_performance.segments[].after_must_happen,free_stage_card_milktea_weichu.json,Storylet,node_contracts,D,registered,
canon_performance.segments[].canon_src,free_stage_card_milktea_weichu.json,Storylet,node_contracts,D,registered,
canon_performance.segments[].completes,free_stage_card_milktea_weichu.json,Storylet,node_contracts,D,registered,
canon_performance.segments[].completes[],free_stage_card_milktea_weichu.json,Storylet,node_contracts,D,registered,
canon_performance.segments[].event_uid,free_stage_card_milktea_weichu.json,Storylet,node_contracts,D,registered,
canon_performance.segments[].interrupt_after,free_stage_card_milktea_weichu.json,Storylet,node_contracts,D,registered,
canon_performance.segments[].segment_id,free_stage_card_milktea_weichu.json,Storylet,node_contracts,D,registered,
canon_performance.segments[].trigger,free_stage_card_milktea_weichu.json,Storylet,node_contracts,D,registered,
canon_performance.segments[].turns,free_stage_card_milktea_weichu.json,Storylet,node_contracts,D,registered,
canon_performance.segments[].turns[],free_stage_card_milktea_weichu.json,Storylet,node_contracts,D,registered,
canon_performance.segments[].turns[].provenance,free_stage_card_milktea_weichu.json,Storylet,node_contracts,D,registered,
canon_performance.segments[].turns[].provenance.adaptation_kind,free_stage_card_milktea_weichu.json,Storylet,node_contracts,D,registered,
canon_performance.segments[].turns[].provenance.canon_src,free_stage_card_milktea_weichu.json,Storylet,node_contracts,D,registered,
canon_performance.segments[].turns[].provenance.event_uid,free_stage_card_milktea_weichu.json,Storylet,node_contracts,D,registered,
canon_performance.segments[].turns[].provenance.source_kind,free_stage_card_milktea_weichu.json,Storylet,node_contracts,D,registered,
canon_performance.segments[].turns[].provenance.speaker_cons,free_stage_card_milktea_weichu.json,Storylet,node_contracts,D,registered,
canon_performance.segments[].turns[].role,free_stage_card_milktea_weichu.json,Storylet,node_contracts,D,registered,
canon_performance.segments[].turns[].speaker_before_intro,free_stage_card_milktea_weichu.json,Storylet,node_contracts,D,registered,
canon_performance.segments[].turns[].speaker_cons,free_stage_card_milktea_weichu.json,Storylet,node_contracts,D,registered,
canon_performance.segments[].turns[].stage,free_stage_card_milktea_weichu.json,Storylet,node_contracts,D,registered,
canon_performance.segments[].turns[].text,free_stage_card_milktea_weichu.json,Storylet,node_contracts,D,registered,
ch_anchor,free_stage_card_milktea_weichu.json,Storylet,node_contracts/meta,D,registered,
clock,free_stage_card_milktea_weichu.json,Storylet,node_contracts/meta,D,registered,
current_event_terms,free_stage_card_milktea_weichu.json,Storylet,node_contracts,D,registered,
current_event_terms[],free_stage_card_milktea_weichu.json,Storylet,node_contracts,D,registered,
director_only_characters,free_stage_card_milktea_weichu.json,Storylet,node_contracts,D,registered,
director_only_characters[],free_stage_card_milktea_weichu.json,Storylet,node_contracts,D,registered,
entry_hook,free_stage_card_milktea_weichu.json,Storylet,node_contracts,D,registered,
entry_projection,free_stage_card_milktea_weichu.json,Unclassified,TBD,?,registered,
entry_projection.context_memory,free_stage_card_milktea_weichu.json,Mixed,slow_memory|run,C/D,registered,
entry_projection.context_memory[],free_stage_card_milktea_weichu.json,Mixed,slow_memory|run,C/D,registered,
entry_projection.relationship_memory,free_stage_card_milktea_weichu.json,Mixed,REL|run,C/D,registered,
entry_projection.relationship_memory[],free_stage_card_milktea_weichu.json,Mixed,REL|run,C/D,registered,
exits,free_stage_card_milktea_weichu.json,Storylet,node_contracts,D,registered,
exits[],free_stage_card_milktea_weichu.json,Storylet,node_contracts,D,registered,
exits[].bridge_hint,free_stage_card_milktea_weichu.json,Unclassified,TBD,?,registered,
exits[].exit_state,free_stage_card_milktea_weichu.json,Unclassified,TBD,?,registered,
exits[].requires_autonomous_outcomes,free_stage_card_milktea_weichu.json,Unclassified,TBD,?,registered,
exits[].requires_autonomous_outcomes.weichu_after_phone,free_stage_card_milktea_weichu.json,Unclassified,TBD,?,registered,
exits[].requires_autonomous_outcomes.weichu_after_wallet_response,free_stage_card_milktea_weichu.json,Unclassified,TBD,?,registered,
exits[].requires_autonomous_outcomes.zhangchen_after_weichu_request,free_stage_card_milktea_weichu.json,Unclassified,TBD,?,registered,
exits[].target_card,free_stage_card_milktea_weichu.json,Unclassified,TBD,?,registered,
exits[].trigger,free_stage_card_milktea_weichu.json,Unclassified,TBD,?,registered,
intent_affordances,free_stage_card_milktea_weichu.json,Storylet,node_contracts,D,registered,
intent_affordances[],free_stage_card_milktea_weichu.json,Storylet,node_contracts,D,registered,
intent_affordances[].affordance_id,free_stage_card_milktea_weichu.json,Unclassified,TBD,?,registered,
intent_affordances[].description,free_stage_card_milktea_weichu.json,Unclassified,TBD,?,registered,
intent_affordances[].goal_key,free_stage_card_milktea_weichu.json,Unclassified,TBD,?,registered,
intent_affordances[].mode,free_stage_card_milktea_weichu.json,Unclassified,TBD,?,registered,
intent_affordances[].requires_actor_consent,free_stage_card_milktea_weichu.json,Unclassified,TBD,?,registered,
intent_affordances[].score,free_stage_card_milktea_weichu.json,Unclassified,TBD,?,registered,
intent_affordances[].source,free_stage_card_milktea_weichu.json,Unclassified,TBD,?,registered,
intent_affordances[].storylet,free_stage_card_milktea_weichu.json,Unclassified,TBD,?,registered,
intent_affordances[].storylet.entry_conditions,free_stage_card_milktea_weichu.json,Unclassified,TBD,?,registered,
intent_affordances[].storylet.entry_conditions[],free_stage_card_milktea_weichu.json,Unclassified,TBD,?,registered,
intent_affordances[].storylet.exit_keys,free_stage_card_milktea_weichu.json,Unclassified,TBD,?,registered,
intent_affordances[].storylet.exit_keys[],free_stage_card_milktea_weichu.json,Unclassified,TBD,?,registered,
intent_affordances[].storylet.invariants,free_stage_card_milktea_weichu.json,Unclassified,TBD,?,registered,
intent_affordances[].storylet.invariants[],free_stage_card_milktea_weichu.json,Unclassified,TBD,?,registered,
intent_affordances[].target_cons,free_stage_card_milktea_weichu.json,Unclassified,TBD,?,registered,
intent_affordances[].visible_reason,free_stage_card_milktea_weichu.json,Unclassified,TBD,?,registered,
locks,free_stage_card_milktea_weichu.json,Storylet,node_contracts,D,registered,
locks[],free_stage_card_milktea_weichu.json,Storylet,node_contracts,D,registered,
memory_layers,free_stage_card_milktea_weichu.json,Unclassified,TBD,?,registered,
memory_layers.context_memory,free_stage_card_milktea_weichu.json,Mixed,slow_memory|run,C/D,registered,
memory_layers.context_memory[],free_stage_card_milktea_weichu.json,Mixed,slow_memory|run,C/D,registered,
memory_layers.knowledge_gate,free_stage_card_milktea_weichu.json,Seed,knowledge_schedule,A,registered,
memory_layers.knowledge_gate[],free_stage_card_milktea_weichu.json,Seed,knowledge_schedule,A,registered,
memory_layers.relationship_memory,free_stage_card_milktea_weichu.json,Mixed,REL|run,C/D,registered,
memory_layers.relationship_memory[],free_stage_card_milktea_weichu.json,Mixed,REL|run,C/D,registered,
must_happen,free_stage_card_milktea_weichu.json,Storylet,node_contracts,D,registered,
must_happen[],free_stage_card_milktea_weichu.json,Storylet,node_contracts,D,registered,
must_happen[].desc,free_stage_card_milktea_weichu.json,Unclassified,TBD,?,registered,
must_happen[].evidence,free_stage_card_milktea_weichu.json,Unclassified,TBD,?,registered,
must_happen[].frame_beat,free_stage_card_milktea_weichu.json,Unclassified,TBD,?,registered,
must_happen[].frame_beat[],free_stage_card_milktea_weichu.json,Unclassified,TBD,?,registered,
must_happen[].id,free_stage_card_milktea_weichu.json,Unclassified,TBD,?,registered,
persona_cards,free_stage_card_milktea_weichu.json,Unclassified,TBD,?,registered,
persona_cards.C.weichu.WMAIN,free_stage_card_milktea_weichu.json,Mixed,see_leaf,?,registered,
persona_cards.C.weichu.WMAIN.boundaries,free_stage_card_milktea_weichu.json,Seed,persona_core,C,registered,
persona_cards.C.weichu.WMAIN.boundaries.hard,free_stage_card_milktea_weichu.json,Seed,persona_core,C,registered,
persona_cards.C.weichu.WMAIN.boundaries.hard[],free_stage_card_milktea_weichu.json,Seed,persona_core,C,registered,
persona_cards.C.weichu.WMAIN.boundaries.soft,free_stage_card_milktea_weichu.json,Seed,persona_core,C,registered,
persona_cards.C.weichu.WMAIN.boundaries.soft[],free_stage_card_milktea_weichu.json,Seed,persona_core,C,registered,
persona_cards.C.weichu.WMAIN.boundaries.style,free_stage_card_milktea_weichu.json,Seed,persona_core,C,registered,
persona_cards.C.weichu.WMAIN.boundaries.voice_samples,free_stage_card_milktea_weichu.json,Seed,persona_core,C,registered,
persona_cards.C.weichu.WMAIN.boundaries.voice_samples[],free_stage_card_milktea_weichu.json,Seed,persona_core,C,registered,
persona_cards.C.weichu.WMAIN.constraints,free_stage_card_milktea_weichu.json,Mixed,persona_core|storylet.invariants,C/D,registered,
persona_cards.C.weichu.WMAIN.constraints[],free_stage_card_milktea_weichu.json,Mixed,persona_core|storylet.invariants,C/D,registered,
persona_cards.C.weichu.WMAIN.inner_state,free_stage_card_milktea_weichu.json,Storylet,storylet.entry_affect,D,registered,
persona_cards.C.weichu.WMAIN.inner_state.knot,free_stage_card_milktea_weichu.json,Storylet,storylet.entry_affect,D,registered,
persona_cards.C.weichu.WMAIN.inner_state.stance_to_player,free_stage_card_milktea_weichu.json,Storylet,storylet.entry_affect,D,registered,
persona_cards.C.weichu.WMAIN.inner_state.unsaid,free_stage_card_milktea_weichu.json,Storylet,storylet.entry_affect,D,registered,
persona_cards.C.weichu.WMAIN.inner_state.want_now,free_stage_card_milktea_weichu.json,Storylet,storylet.entry_affect,D,registered,
persona_cards.C.weichu.WMAIN.name,free_stage_card_milktea_weichu.json,Seed,archetypes/consciousnesses,A,registered,
persona_cards.C.weichu.WMAIN.voice_samples,free_stage_card_milktea_weichu.json,Seed,persona_core,C,registered,
persona_cards.C.weichu.WMAIN.voice_samples[],free_stage_card_milktea_weichu.json,Seed,persona_core,C,registered,
persona_cards.C.zhangchen.WMAIN,free_stage_card_milktea_weichu.json,Mixed,see_leaf,?,registered,
persona_cards.C.zhangchen.WMAIN.boundaries,free_stage_card_milktea_weichu.json,Seed,persona_core,C,registered,
persona_cards.C.zhangchen.WMAIN.boundaries.hard,free_stage_card_milktea_weichu.json,Seed,persona_core,C,registered,
persona_cards.C.zhangchen.WMAIN.boundaries.hard[],free_stage_card_milktea_weichu.json,Seed,persona_core,C,registered,
persona_cards.C.zhangchen.WMAIN.boundaries.soft,free_stage_card_milktea_weichu.json,Seed,persona_core,C,registered,
persona_cards.C.zhangchen.WMAIN.boundaries.soft[],free_stage_card_milktea_weichu.json,Seed,persona_core,C,registered,
persona_cards.C.zhangchen.WMAIN.boundaries.style,free_stage_card_milktea_weichu.json,Seed,persona_core,C,registered,
persona_cards.C.zhangchen.WMAIN.boundaries.voice_samples,free_stage_card_milktea_weichu.json,Seed,persona_core,C,registered,
persona_cards.C.zhangchen.WMAIN.boundaries.voice_samples[],free_stage_card_milktea_weichu.json,Seed,persona_core,C,registered,
persona_cards.C.zhangchen.WMAIN.constraints,free_stage_card_milktea_weichu.json,Mixed,persona_core|storylet.invariants,C/D,registered,
persona_cards.C.zhangchen.WMAIN.constraints[],free_stage_card_milktea_weichu.json,Mixed,persona_core|storylet.invariants,C/D,registered,
persona_cards.C.zhangchen.WMAIN.inner_state,free_stage_card_milktea_weichu.json,Storylet,storylet.entry_affect,D,registered,
persona_cards.C.zhangchen.WMAIN.inner_state.knot,free_stage_card_milktea_weichu.json,Storylet,storylet.entry_affect,D,registered,
persona_cards.C.zhangchen.WMAIN.inner_state.stance_to_player,free_stage_card_milktea_weichu.json,Storylet,storylet.entry_affect,D,registered,
persona_cards.C.zhangchen.WMAIN.inner_state.unsaid,free_stage_card_milktea_weichu.json,Storylet,storylet.entry_affect,D,registered,
persona_cards.C.zhangchen.WMAIN.inner_state.want_now,free_stage_card_milktea_weichu.json,Storylet,storylet.entry_affect,D,registered,
persona_cards.C.zhangchen.WMAIN.name,free_stage_card_milktea_weichu.json,Seed,archetypes/consciousnesses,A,registered,
persona_cards.C.zhangchen.WMAIN.phase_voice_profile,free_stage_card_milktea_weichu.json,Mixed,see_leaf,?,registered,
persona_cards.C.zhangchen.WMAIN.phase_voice_profile.avoid_phrases,free_stage_card_milktea_weichu.json,Mixed,see_leaf,?,registered,
persona_cards.C.zhangchen.WMAIN.phase_voice_profile.avoid_phrases[],free_stage_card_milktea_weichu.json,Mixed,see_leaf,?,registered,
persona_cards.C.zhangchen.WMAIN.phase_voice_profile.canon_src,free_stage_card_milktea_weichu.json,Mixed,see_leaf,?,registered,
persona_cards.C.zhangchen.WMAIN.phase_voice_profile.disclosure_limit,free_stage_card_milktea_weichu.json,Mixed,see_leaf,?,registered,
persona_cards.C.zhangchen.WMAIN.phase_voice_profile.phase,free_stage_card_milktea_weichu.json,Mixed,see_leaf,?,registered,
persona_cards.C.zhangchen.WMAIN.phase_voice_profile.positive_patterns,free_stage_card_milktea_weichu.json,Mixed,see_leaf,?,registered,
persona_cards.C.zhangchen.WMAIN.phase_voice_profile.positive_patterns[],free_stage_card_milktea_weichu.json,Mixed,see_leaf,?,registered,
persona_cards.C.zhangchen.WMAIN.phase_voice_profile.source_event,free_stage_card_milktea_weichu.json,Mixed,see_leaf,?,registered,
persona_cards.C.zhangchen.WMAIN.voice_samples,free_stage_card_milktea_weichu.json,Seed,persona_core,C,registered,
persona_cards.C.zhangchen.WMAIN.voice_samples[],free_stage_card_milktea_weichu.json,Seed,persona_core,C,registered,
present,free_stage_card_milktea_weichu.json,Storylet,node_contracts/meta,D,registered,
present[],free_stage_card_milktea_weichu.json,Unclassified,TBD,?,registered,
scene,free_stage_card_milktea_weichu.json,Storylet,node_contracts/meta,D,registered,
scene_frame,free_stage_card_milktea_weichu.json,Storylet,node_contracts,D,registered,
scene_frame.when,free_stage_card_milktea_weichu.json,Storylet,node_contracts,D,registered,
scene_frame.where,free_stage_card_milktea_weichu.json,Storylet,node_contracts,D,registered,
scene_frame.为什么在这里,free_stage_card_milktea_weichu.json,Storylet,node_contracts,D,registered,
scene_frame.关系,free_stage_card_milktea_weichu.json,Storylet,node_contracts,D,registered,
scene_frame.此刻想要什么,free_stage_card_milktea_weichu.json,Storylet,node_contracts,D,registered,
scene_id,free_stage_card_milktea_weichu.json,Storylet,node_contracts/meta,D,registered,
scene_source_excerpt,free_stage_card_milktea_weichu.json,Storylet,node_contracts,D,registered,
scene_source_excerpt._note,free_stage_card_milktea_weichu.json,Storylet,node_contracts,D,registered,
scene_source_excerpt.偶遇请布丁,free_stage_card_milktea_weichu.json,Storylet,node_contracts,D,registered,
scene_source_excerpt.布丁桌,free_stage_card_milktea_weichu.json,Storylet,node_contracts,D,registered,
scene_source_excerpt.雨璇电话,free_stage_card_milktea_weichu.json,Storylet,node_contracts,D,registered,
scene_source_excerpt.魏初现身,free_stage_card_milktea_weichu.json,Storylet,node_contracts,D,registered,
_edit_note,free_stage_card_return_split.json,Unclassified,TBD,?,registered,
ambient_stage,free_stage_card_return_split.json,Storylet,node_contracts,D,registered,
ambient_stage.昏黄灯光,free_stage_card_return_split.json,Storylet,node_contracts,D,registered,
ambient_stage.窗外夜色,free_stage_card_return_split.json,Storylet,node_contracts,D,registered,
ambient_stage.药与纱布,free_stage_card_return_split.json,Storylet,node_contracts,D,registered,
ambient_stage.订好的车票,free_stage_card_return_split.json,Storylet,node_contracts,D,registered,
blurb,free_stage_card_return_split.json,Storylet,node_contracts,D,registered,
ch_anchor,free_stage_card_return_split.json,Storylet,node_contracts/meta,D,registered,
clock,free_stage_card_return_split.json,Storylet,node_contracts/meta,D,registered,
current_event_terms,free_stage_card_return_split.json,Storylet,node_contracts,D,registered,
current_event_terms[],free_stage_card_return_split.json,Storylet,node_contracts,D,registered,
entry_hook,free_stage_card_return_split.json,Storylet,node_contracts,D,registered,
exit_menu,free_stage_card_return_split.json,Storylet,node_contracts/meta,D,registered,
exits,free_stage_card_return_split.json,Storylet,node_contracts,D,registered,
exits[],free_stage_card_return_split.json,Storylet,node_contracts,D,registered,
exits[].bridge_hint,free_stage_card_return_split.json,Unclassified,TBD,?,registered,
exits[].intent_tokens,free_stage_card_return_split.json,Unclassified,TBD,?,registered,
exits[].intent_tokens[],free_stage_card_return_split.json,Unclassified,TBD,?,registered,
exits[].target_card,free_stage_card_return_split.json,Unclassified,TBD,?,registered,
exits[].trigger,free_stage_card_return_split.json,Unclassified,TBD,?,registered,
locks,free_stage_card_return_split.json,Storylet,node_contracts,D,registered,
locks[],free_stage_card_return_split.json,Storylet,node_contracts,D,registered,
memory_layers,free_stage_card_return_split.json,Unclassified,TBD,?,registered,
memory_layers.context_memory,free_stage_card_return_split.json,Mixed,slow_memory|run,C/D,registered,
memory_layers.context_memory[],free_stage_card_return_split.json,Mixed,slow_memory|run,C/D,registered,
memory_layers.knowledge_gate,free_stage_card_return_split.json,Seed,knowledge_schedule,A,registered,
memory_layers.knowledge_gate[],free_stage_card_return_split.json,Seed,knowledge_schedule,A,registered,
memory_layers.relationship_memory,free_stage_card_return_split.json,Mixed,REL|run,C/D,registered,
memory_layers.relationship_memory[],free_stage_card_return_split.json,Mixed,REL|run,C/D,registered,
must_happen,free_stage_card_return_split.json,Storylet,node_contracts,D,registered,
must_happen[],free_stage_card_return_split.json,Storylet,node_contracts,D,registered,
must_happen[].after,free_stage_card_return_split.json,Unclassified,TBD,?,registered,
must_happen[].canon_ref,free_stage_card_return_split.json,Unclassified,TBD,?,registered,
must_happen[].desc,free_stage_card_return_split.json,Unclassified,TBD,?,registered,
must_happen[].evidence,free_stage_card_return_split.json,Unclassified,TBD,?,registered,
must_happen[].id,free_stage_card_return_split.json,Unclassified,TBD,?,registered,
persona_cards,free_stage_card_return_split.json,Unclassified,TBD,?,registered,
persona_cards.C.akito.WMAIN,free_stage_card_return_split.json,Mixed,see_leaf,?,registered,
persona_cards.C.akito.WMAIN.boundaries,free_stage_card_return_split.json,Seed,persona_core,C,registered,
persona_cards.C.akito.WMAIN.boundaries.hard,free_stage_card_return_split.json,Seed,persona_core,C,registered,
persona_cards.C.akito.WMAIN.boundaries.hard[],free_stage_card_return_split.json,Seed,persona_core,C,registered,
persona_cards.C.akito.WMAIN.boundaries.soft,free_stage_card_return_split.json,Seed,persona_core,C,registered,
persona_cards.C.akito.WMAIN.boundaries.soft[],free_stage_card_return_split.json,Seed,persona_core,C,registered,
persona_cards.C.akito.WMAIN.boundaries.style,free_stage_card_return_split.json,Seed,persona_core,C,registered,
persona_cards.C.akito.WMAIN.boundaries.voice_samples,free_stage_card_return_split.json,Seed,persona_core,C,registered,
persona_cards.C.akito.WMAIN.boundaries.voice_samples[],free_stage_card_return_split.json,Seed,persona_core,C,registered,
persona_cards.C.akito.WMAIN.constraints,free_stage_card_return_split.json,Mixed,persona_core|storylet.invariants,C/D,registered,
persona_cards.C.akito.WMAIN.constraints[],free_stage_card_return_split.json,Mixed,persona_core|storylet.invariants,C/D,registered,
persona_cards.C.akito.WMAIN.inner_state,free_stage_card_return_split.json,Storylet,storylet.entry_affect,D,registered,
persona_cards.C.akito.WMAIN.inner_state.knot,free_stage_card_return_split.json,Storylet,storylet.entry_affect,D,registered,
persona_cards.C.akito.WMAIN.inner_state.stance_to_player,free_stage_card_return_split.json,Storylet,storylet.entry_affect,D,registered,
persona_cards.C.akito.WMAIN.inner_state.unsaid,free_stage_card_return_split.json,Storylet,storylet.entry_affect,D,registered,
persona_cards.C.akito.WMAIN.inner_state.want_now,free_stage_card_return_split.json,Storylet,storylet.entry_affect,D,registered,
persona_cards.C.akito.WMAIN.name,free_stage_card_return_split.json,Seed,archetypes/consciousnesses,A,registered,
persona_cards.C.akito.WMAIN.voice_samples,free_stage_card_return_split.json,Seed,persona_core,C,registered,
persona_cards.C.akito.WMAIN.voice_samples[],free_stage_card_return_split.json,Seed,persona_core,C,registered,
persona_cards.C.akito.WMAIN.voice_source,free_stage_card_return_split.json,Mixed,see_leaf,?,registered,
persona_cards.C.kakashi.WMAIN,free_stage_card_return_split.json,Mixed,see_leaf,?,registered,
persona_cards.C.kakashi.WMAIN.boundaries,free_stage_card_return_split.json,Seed,persona_core,C,registered,
persona_cards.C.kakashi.WMAIN.boundaries.hard,free_stage_card_return_split.json,Seed,persona_core,C,registered,
persona_cards.C.kakashi.WMAIN.boundaries.hard[],free_stage_card_return_split.json,Seed,persona_core,C,registered,
persona_cards.C.kakashi.WMAIN.boundaries.soft,free_stage_card_return_split.json,Seed,persona_core,C,registered,
persona_cards.C.kakashi.WMAIN.boundaries.soft[],free_stage_card_return_split.json,Seed,persona_core,C,registered,
persona_cards.C.kakashi.WMAIN.boundaries.style,free_stage_card_return_split.json,Seed,persona_core,C,registered,
persona_cards.C.kakashi.WMAIN.boundaries.voice_samples,free_stage_card_return_split.json,Seed,persona_core,C,registered,
persona_cards.C.kakashi.WMAIN.boundaries.voice_samples[],free_stage_card_return_split.json,Seed,persona_core,C,registered,
persona_cards.C.kakashi.WMAIN.constraints,free_stage_card_return_split.json,Mixed,persona_core|storylet.invariants,C/D,registered,
persona_cards.C.kakashi.WMAIN.constraints[],free_stage_card_return_split.json,Mixed,persona_core|storylet.invariants,C/D,registered,
persona_cards.C.kakashi.WMAIN.inner_state,free_stage_card_return_split.json,Storylet,storylet.entry_affect,D,registered,
persona_cards.C.kakashi.WMAIN.inner_state.knot,free_stage_card_return_split.json,Storylet,storylet.entry_affect,D,registered,
persona_cards.C.kakashi.WMAIN.inner_state.stance_to_player,free_stage_card_return_split.json,Storylet,storylet.entry_affect,D,registered,
persona_cards.C.kakashi.WMAIN.inner_state.unsaid,free_stage_card_return_split.json,Storylet,storylet.entry_affect,D,registered,
persona_cards.C.kakashi.WMAIN.inner_state.want_now,free_stage_card_return_split.json,Storylet,storylet.entry_affect,D,registered,
persona_cards.C.kakashi.WMAIN.name,free_stage_card_return_split.json,Seed,archetypes/consciousnesses,A,registered,
persona_cards.C.kakashi.WMAIN.voice_samples,free_stage_card_return_split.json,Seed,persona_core,C,registered,
persona_cards.C.kakashi.WMAIN.voice_samples[],free_stage_card_return_split.json,Seed,persona_core,C,registered,
persona_cards.C.xiuzai.WMAIN,free_stage_card_return_split.json,Mixed,see_leaf,?,registered,
persona_cards.C.xiuzai.WMAIN.boundaries,free_stage_card_return_split.json,Seed,persona_core,C,registered,
persona_cards.C.xiuzai.WMAIN.boundaries.hard,free_stage_card_return_split.json,Seed,persona_core,C,registered,
persona_cards.C.xiuzai.WMAIN.boundaries.hard[],free_stage_card_return_split.json,Seed,persona_core,C,registered,
persona_cards.C.xiuzai.WMAIN.boundaries.soft,free_stage_card_return_split.json,Seed,persona_core,C,registered,
persona_cards.C.xiuzai.WMAIN.boundaries.soft[],free_stage_card_return_split.json,Seed,persona_core,C,registered,
persona_cards.C.xiuzai.WMAIN.boundaries.style,free_stage_card_return_split.json,Seed,persona_core,C,registered,
persona_cards.C.xiuzai.WMAIN.boundaries.voice_samples,free_stage_card_return_split.json,Seed,persona_core,C,registered,
persona_cards.C.xiuzai.WMAIN.boundaries.voice_samples[],free_stage_card_return_split.json,Seed,persona_core,C,registered,
persona_cards.C.xiuzai.WMAIN.constraints,free_stage_card_return_split.json,Mixed,persona_core|storylet.invariants,C/D,registered,
persona_cards.C.xiuzai.WMAIN.constraints[],free_stage_card_return_split.json,Mixed,persona_core|storylet.invariants,C/D,registered,
persona_cards.C.xiuzai.WMAIN.inner_state,free_stage_card_return_split.json,Storylet,storylet.entry_affect,D,registered,
persona_cards.C.xiuzai.WMAIN.inner_state.knot,free_stage_card_return_split.json,Storylet,storylet.entry_affect,D,registered,
persona_cards.C.xiuzai.WMAIN.inner_state.stance_to_player,free_stage_card_return_split.json,Storylet,storylet.entry_affect,D,registered,
persona_cards.C.xiuzai.WMAIN.inner_state.unsaid,free_stage_card_return_split.json,Storylet,storylet.entry_affect,D,registered,
persona_cards.C.xiuzai.WMAIN.inner_state.want_now,free_stage_card_return_split.json,Storylet,storylet.entry_affect,D,registered,
persona_cards.C.xiuzai.WMAIN.name,free_stage_card_return_split.json,Seed,archetypes/consciousnesses,A,registered,
persona_cards.C.xiuzai.WMAIN.voice_samples,free_stage_card_return_split.json,Seed,persona_core,C,registered,
persona_cards.C.xiuzai.WMAIN.voice_samples[],free_stage_card_return_split.json,Seed,persona_core,C,registered,
present,free_stage_card_return_split.json,Storylet,node_contracts/meta,D,registered,
present[],free_stage_card_return_split.json,Unclassified,TBD,?,registered,
scene,free_stage_card_return_split.json,Storylet,node_contracts/meta,D,registered,
scene_frame,free_stage_card_return_split.json,Storylet,node_contracts,D,registered,
scene_frame.when,free_stage_card_return_split.json,Storylet,node_contracts,D,registered,
scene_frame.where,free_stage_card_return_split.json,Storylet,node_contracts,D,registered,
scene_frame.为什么在这里,free_stage_card_return_split.json,Storylet,node_contracts,D,registered,
scene_frame.关系,free_stage_card_return_split.json,Storylet,node_contracts,D,registered,
scene_frame.此刻想要什么,free_stage_card_return_split.json,Storylet,node_contracts,D,registered,
scene_id,free_stage_card_return_split.json,Storylet,node_contracts/meta,D,registered,
scene_source_excerpt,free_stage_card_return_split.json,Storylet,node_contracts,D,registered,
scene_source_excerpt._note,free_stage_card_return_split.json,Storylet,node_contracts,D,registered,
scene_source_excerpt.分兵,free_stage_card_return_split.json,Storylet,node_contracts,D,registered,
scene_source_excerpt.旅馆夜,free_stage_card_return_split.json,Storylet,node_contracts,D,registered,
blurb,free_stage_card_ryuya_prologue.json,Storylet,node_contracts,D,registered,
ch_anchor,free_stage_card_ryuya_prologue.json,Storylet,node_contracts/meta,D,registered,
clock,free_stage_card_ryuya_prologue.json,Storylet,node_contracts/meta,D,registered,
creative_note,free_stage_card_ryuya_prologue.json,Discard,—,—,registered,
creative_status,free_stage_card_ryuya_prologue.json,Discard,—,—,registered,
direct_name_disclosures,free_stage_card_ryuya_prologue.json,Unclassified,TBD,?,registered,
direct_name_disclosures[],free_stage_card_ryuya_prologue.json,Unclassified,TBD,?,registered,
entry_hook,free_stage_card_ryuya_prologue.json,Storylet,node_contracts,D,registered,
exits,free_stage_card_ryuya_prologue.json,Storylet,node_contracts,D,registered,
exits[],free_stage_card_ryuya_prologue.json,Storylet,node_contracts,D,registered,
exits[].after,free_stage_card_ryuya_prologue.json,Unclassified,TBD,?,registered,
exits[].after[],free_stage_card_ryuya_prologue.json,Unclassified,TBD,?,registered,
exits[].label,free_stage_card_ryuya_prologue.json,Unclassified,TBD,?,registered,
exits[].target_pending_entry,free_stage_card_ryuya_prologue.json,Unclassified,TBD,?,registered,
exits[].trigger,free_stage_card_ryuya_prologue.json,Unclassified,TBD,?,registered,
handoff_pending_entry,free_stage_card_ryuya_prologue.json,Unclassified,TBD,?,registered,
intro_include_blurb,free_stage_card_ryuya_prologue.json,Storylet,node_contracts,D,registered,
locks,free_stage_card_ryuya_prologue.json,Storylet,node_contracts,D,registered,
locks[],free_stage_card_ryuya_prologue.json,Storylet,node_contracts,D,registered,
memory_layers,free_stage_card_ryuya_prologue.json,Unclassified,TBD,?,registered,
memory_layers.context_memory,free_stage_card_ryuya_prologue.json,Mixed,slow_memory|run,C/D,registered,
memory_layers.context_memory[],free_stage_card_ryuya_prologue.json,Mixed,slow_memory|run,C/D,registered,
memory_layers.knowledge_gate,free_stage_card_ryuya_prologue.json,Seed,knowledge_schedule,A,registered,
memory_layers.knowledge_gate[],free_stage_card_ryuya_prologue.json,Seed,knowledge_schedule,A,registered,
memory_layers.relationship_memory,free_stage_card_ryuya_prologue.json,Mixed,REL|run,C/D,registered,
memory_layers.relationship_memory[],free_stage_card_ryuya_prologue.json,Mixed,REL|run,C/D,registered,
must_happen,free_stage_card_ryuya_prologue.json,Storylet,node_contracts,D,registered,
must_happen[],free_stage_card_ryuya_prologue.json,Storylet,node_contracts,D,registered,
must_happen[].after,free_stage_card_ryuya_prologue.json,Unclassified,TBD,?,registered,
must_happen[].desc,free_stage_card_ryuya_prologue.json,Unclassified,TBD,?,registered,
must_happen[].evidence,free_stage_card_ryuya_prologue.json,Unclassified,TBD,?,registered,
must_happen[].id,free_stage_card_ryuya_prologue.json,Unclassified,TBD,?,registered,
names_known_at_entry,free_stage_card_ryuya_prologue.json,Storylet,node_contracts,D,registered,
persona_cards,free_stage_card_ryuya_prologue.json,Unclassified,TBD,?,registered,
persona_cards.C.ryuya.W1,free_stage_card_ryuya_prologue.json,Mixed,see_leaf,?,registered,
persona_cards.C.ryuya.W1.body_props,free_stage_card_ryuya_prologue.json,Seed,items/body_profile,A,registered,
persona_cards.C.ryuya.W1.body_props[],free_stage_card_ryuya_prologue.json,Seed,items/body_profile,A,registered,
persona_cards.C.ryuya.W1.boundaries,free_stage_card_ryuya_prologue.json,Seed,persona_core,C,registered,
persona_cards.C.ryuya.W1.boundaries.hard,free_stage_card_ryuya_prologue.json,Seed,persona_core,C,registered,
persona_cards.C.ryuya.W1.boundaries.seed_hard_prop_ids,free_stage_card_ryuya_prologue.json,Seed,persona_core,C,registered,
persona_cards.C.ryuya.W1.boundaries.seed_hard_prop_ids[],free_stage_card_ryuya_prologue.json,Seed,persona_core,C,registered,
persona_cards.C.ryuya.W1.boundaries.seed_manner_prop_ids,free_stage_card_ryuya_prologue.json,Seed,persona_core,C,registered,
persona_cards.C.ryuya.W1.boundaries.seed_manner_prop_ids[],free_stage_card_ryuya_prologue.json,Seed,persona_core,C,registered,
persona_cards.C.ryuya.W1.boundaries.seed_soft_prop_ids,free_stage_card_ryuya_prologue.json,Seed,persona_core,C,registered,
persona_cards.C.ryuya.W1.boundaries.seed_soft_prop_ids[],free_stage_card_ryuya_prologue.json,Seed,persona_core,C,registered,
persona_cards.C.ryuya.W1.boundaries.soft,free_stage_card_ryuya_prologue.json,Seed,persona_core,C,registered,
persona_cards.C.ryuya.W1.boundaries.style,free_stage_card_ryuya_prologue.json,Seed,persona_core,C,registered,
persona_cards.C.ryuya.W1.constraints,free_stage_card_ryuya_prologue.json,Mixed,persona_core|storylet.invariants,C/D,registered,
persona_cards.C.ryuya.W1.constraints[],free_stage_card_ryuya_prologue.json,Mixed,persona_core|storylet.invariants,C/D,registered,
persona_cards.C.ryuya.W1.identity_relations,free_stage_card_ryuya_prologue.json,Seed,propositions+knowledge_schedule,A,registered,
persona_cards.C.ryuya.W1.identity_seed_prop_ids,free_stage_card_ryuya_prologue.json,Mixed,see_leaf,?,registered,
persona_cards.C.ryuya.W1.identity_seed_prop_ids[],free_stage_card_ryuya_prologue.json,Mixed,see_leaf,?,registered,
persona_cards.C.ryuya.W1.inner_state,free_stage_card_ryuya_prologue.json,Storylet,storylet.entry_affect,D,registered,
persona_cards.C.ryuya.W1.inner_state.knot,free_stage_card_ryuya_prologue.json,Storylet,storylet.entry_affect,D,registered,
persona_cards.C.ryuya.W1.inner_state.stance_to_player,free_stage_card_ryuya_prologue.json,Storylet,storylet.entry_affect,D,registered,
persona_cards.C.ryuya.W1.inner_state.unsaid,free_stage_card_ryuya_prologue.json,Storylet,storylet.entry_affect,D,registered,
persona_cards.C.ryuya.W1.inner_state.want_now,free_stage_card_ryuya_prologue.json,Storylet,storylet.entry_affect,D,registered,
persona_cards.C.ryuya.W1.name,free_stage_card_ryuya_prologue.json,Seed,archetypes/consciousnesses,A,registered,
persona_cards.C.ryuya.W1.scene_working_memory,free_stage_card_ryuya_prologue.json,Run/Session,run_ledger+cache,—,registered,
persona_cards.C.ryuya.W1.scene_working_memory.body_state,free_stage_card_ryuya_prologue.json,Run/Session,run_ledger+cache,—,registered,
persona_cards.C.ryuya.W1.scene_working_memory.commitments,free_stage_card_ryuya_prologue.json,Run/Session,run_ledger+cache,—,registered,
persona_cards.C.ryuya.W1.scene_working_memory.commitments[],free_stage_card_ryuya_prologue.json,Run/Session,run_ledger+cache,—,registered,
persona_cards.C.ryuya.W1.scene_working_memory.goals,free_stage_card_ryuya_prologue.json,Run/Session,run_ledger+cache,—,registered,
persona_cards.C.ryuya.W1.scene_working_memory.goals[],free_stage_card_ryuya_prologue.json,Run/Session,run_ledger+cache,—,registered,
persona_cards.C.ryuya.W1.scene_working_memory.scene_uid,free_stage_card_ryuya_prologue.json,Run/Session,run_ledger+cache,—,registered,
persona_cards.C.ryuya.W1.scene_working_memory.source,free_stage_card_ryuya_prologue.json,Run/Session,run_ledger+cache,—,registered,
persona_cards.C.ryuya.W1.scene_working_memory.source.kind,free_stage_card_ryuya_prologue.json,Run/Session,run_ledger+cache,—,registered,
persona_cards.C.ryuya.W1.scene_working_memory.source.note,free_stage_card_ryuya_prologue.json,Run/Session,run_ledger+cache,—,registered,
persona_cards.C.ryuya.W1.scene_working_memory.unresolved_topics,free_stage_card_ryuya_prologue.json,Run/Session,run_ledger+cache,—,registered,
persona_cards.C.ryuya.W1.scene_working_memory.unresolved_topics[],free_stage_card_ryuya_prologue.json,Run/Session,run_ledger+cache,—,registered,
persona_cards.C.ryuya.W1.voice_samples,free_stage_card_ryuya_prologue.json,Seed,persona_core,C,registered,
persona_cards.C.ryuya.W1.voice_seed_prop_ids,free_stage_card_ryuya_prologue.json,Mixed,see_leaf,?,registered,
persona_cards.C.ryuya.W1.voice_seed_prop_ids[],free_stage_card_ryuya_prologue.json,Mixed,see_leaf,?,registered,
player_night_lines,free_stage_card_ryuya_prologue.json,Storylet,node_contracts,D,registered,
player_night_lines[],free_stage_card_ryuya_prologue.json,Storylet,node_contracts,D,registered,
player_night_lines_note,free_stage_card_ryuya_prologue.json,Storylet,node_contracts,D,registered,
present,free_stage_card_ryuya_prologue.json,Storylet,node_contracts/meta,D,registered,
present[],free_stage_card_ryuya_prologue.json,Unclassified,TBD,?,registered,
prologue_active,free_stage_card_ryuya_prologue.json,Storylet,node_contracts/meta,D,registered,
scene,free_stage_card_ryuya_prologue.json,Storylet,node_contracts/meta,D,registered,
scene_frame,free_stage_card_ryuya_prologue.json,Storylet,node_contracts,D,registered,
scene_frame.when,free_stage_card_ryuya_prologue.json,Storylet,node_contracts,D,registered,
scene_frame.where,free_stage_card_ryuya_prologue.json,Storylet,node_contracts,D,registered,
scene_id,free_stage_card_ryuya_prologue.json,Storylet,node_contracts/meta,D,registered,
ambient_stage,free_stage_card_shooting.json,Storylet,node_contracts,D,registered,
ambient_stage.墙后掩体,free_stage_card_shooting.json,Storylet,node_contracts,D,registered,
ambient_stage.对面大厦,free_stage_card_shooting.json,Storylet,node_contracts,D,registered,
ambient_stage.街边摊位,free_stage_card_shooting.json,Storylet,node_contracts,D,registered,
ambient_stage.街道人群,free_stage_card_shooting.json,Storylet,node_contracts,D,registered,
ambient_stage.露台桌面,free_stage_card_shooting.json,Storylet,node_contracts,D,registered,
blurb,free_stage_card_shooting.json,Storylet,node_contracts,D,registered,
canon_performance,free_stage_card_shooting.json,Storylet,node_contracts,D,registered,
canon_performance.segments,free_stage_card_shooting.json,Storylet,node_contracts,D,registered,
canon_performance.segments[],free_stage_card_shooting.json,Storylet,node_contracts,D,registered,
canon_performance.segments[].after_must_happen,free_stage_card_shooting.json,Storylet,node_contracts,D,registered,
canon_performance.segments[].canon_src,free_stage_card_shooting.json,Storylet,node_contracts,D,registered,
canon_performance.segments[].completes,free_stage_card_shooting.json,Storylet,node_contracts,D,registered,
canon_performance.segments[].completes[],free_stage_card_shooting.json,Storylet,node_contracts,D,registered,
canon_performance.segments[].event_uid,free_stage_card_shooting.json,Storylet,node_contracts,D,registered,
canon_performance.segments[].interrupt_after,free_stage_card_shooting.json,Storylet,node_contracts,D,registered,
canon_performance.segments[].segment_id,free_stage_card_shooting.json,Storylet,node_contracts,D,registered,
canon_performance.segments[].trigger,free_stage_card_shooting.json,Storylet,node_contracts,D,registered,
canon_performance.segments[].turns,free_stage_card_shooting.json,Storylet,node_contracts,D,registered,
canon_performance.segments[].turns[],free_stage_card_shooting.json,Storylet,node_contracts,D,registered,
canon_performance.segments[].turns[].provenance,free_stage_card_shooting.json,Storylet,node_contracts,D,registered,
canon_performance.segments[].turns[].provenance.adaptation_kind,free_stage_card_shooting.json,Storylet,node_contracts,D,registered,
canon_performance.segments[].turns[].provenance.canon_src,free_stage_card_shooting.json,Storylet,node_contracts,D,registered,
canon_performance.segments[].turns[].provenance.event_uid,free_stage_card_shooting.json,Storylet,node_contracts,D,registered,
canon_performance.segments[].turns[].provenance.source_kind,free_stage_card_shooting.json,Storylet,node_contracts,D,registered,
canon_performance.segments[].turns[].role,free_stage_card_shooting.json,Storylet,node_contracts,D,registered,
canon_performance.segments[].turns[].speaker,free_stage_card_shooting.json,Storylet,node_contracts,D,registered,
canon_performance.segments[].turns[].stage,free_stage_card_shooting.json,Storylet,node_contracts,D,registered,
canon_performance.segments[].turns[].text,free_stage_card_shooting.json,Storylet,node_contracts,D,registered,
ch_anchor,free_stage_card_shooting.json,Storylet,node_contracts/meta,D,registered,
clock,free_stage_card_shooting.json,Storylet,node_contracts/meta,D,registered,
current_event_terms,free_stage_card_shooting.json,Storylet,node_contracts,D,registered,
current_event_terms[],free_stage_card_shooting.json,Storylet,node_contracts,D,registered,
entry_hook,free_stage_card_shooting.json,Storylet,node_contracts,D,registered,
exits,free_stage_card_shooting.json,Storylet,node_contracts,D,registered,
exits[],free_stage_card_shooting.json,Storylet,node_contracts,D,registered,
exits[].bridge_source,free_stage_card_shooting.json,Unclassified,TBD,?,registered,
exits[].bridge_text,free_stage_card_shooting.json,Unclassified,TBD,?,registered,
exits[].target_card,free_stage_card_shooting.json,Unclassified,TBD,?,registered,
exits[].trigger,free_stage_card_shooting.json,Unclassified,TBD,?,registered,
locks,free_stage_card_shooting.json,Storylet,node_contracts,D,registered,
locks[],free_stage_card_shooting.json,Storylet,node_contracts,D,registered,
memory_layers,free_stage_card_shooting.json,Unclassified,TBD,?,registered,
memory_layers.context_memory,free_stage_card_shooting.json,Mixed,slow_memory|run,C/D,registered,
memory_layers.context_memory[],free_stage_card_shooting.json,Mixed,slow_memory|run,C/D,registered,
memory_layers.knowledge_gate,free_stage_card_shooting.json,Seed,knowledge_schedule,A,registered,
memory_layers.knowledge_gate[],free_stage_card_shooting.json,Seed,knowledge_schedule,A,registered,
memory_layers.relationship_memory,free_stage_card_shooting.json,Mixed,REL|run,C/D,registered,
memory_layers.relationship_memory[],free_stage_card_shooting.json,Mixed,REL|run,C/D,registered,
must_happen,free_stage_card_shooting.json,Storylet,node_contracts,D,registered,
must_happen[],free_stage_card_shooting.json,Storylet,node_contracts,D,registered,
must_happen[].after,free_stage_card_shooting.json,Unclassified,TBD,?,registered,
must_happen[].desc,free_stage_card_shooting.json,Unclassified,TBD,?,registered,
must_happen[].evidence,free_stage_card_shooting.json,Unclassified,TBD,?,registered,
must_happen[].id,free_stage_card_shooting.json,Unclassified,TBD,?,registered,
persona_cards,free_stage_card_shooting.json,Unclassified,TBD,?,registered,
persona_cards.C.akito.WMAIN,free_stage_card_shooting.json,Mixed,see_leaf,?,registered,
persona_cards.C.akito.WMAIN.boundaries,free_stage_card_shooting.json,Seed,persona_core,C,registered,
persona_cards.C.akito.WMAIN.boundaries.hard,free_stage_card_shooting.json,Seed,persona_core,C,registered,
persona_cards.C.akito.WMAIN.boundaries.hard[],free_stage_card_shooting.json,Seed,persona_core,C,registered,
persona_cards.C.akito.WMAIN.boundaries.soft,free_stage_card_shooting.json,Seed,persona_core,C,registered,
persona_cards.C.akito.WMAIN.boundaries.soft[],free_stage_card_shooting.json,Seed,persona_core,C,registered,
persona_cards.C.akito.WMAIN.boundaries.style,free_stage_card_shooting.json,Seed,persona_core,C,registered,
persona_cards.C.akito.WMAIN.boundaries.voice_samples,free_stage_card_shooting.json,Seed,persona_core,C,registered,
persona_cards.C.akito.WMAIN.boundaries.voice_samples[],free_stage_card_shooting.json,Seed,persona_core,C,registered,
persona_cards.C.akito.WMAIN.constraints,free_stage_card_shooting.json,Mixed,persona_core|storylet.invariants,C/D,registered,
persona_cards.C.akito.WMAIN.constraints[],free_stage_card_shooting.json,Mixed,persona_core|storylet.invariants,C/D,registered,
persona_cards.C.akito.WMAIN.inner_state,free_stage_card_shooting.json,Storylet,storylet.entry_affect,D,registered,
persona_cards.C.akito.WMAIN.inner_state.knot,free_stage_card_shooting.json,Storylet,storylet.entry_affect,D,registered,
persona_cards.C.akito.WMAIN.inner_state.stance_to_player,free_stage_card_shooting.json,Storylet,storylet.entry_affect,D,registered,
persona_cards.C.akito.WMAIN.inner_state.unsaid,free_stage_card_shooting.json,Storylet,storylet.entry_affect,D,registered,
persona_cards.C.akito.WMAIN.inner_state.want_now,free_stage_card_shooting.json,Storylet,storylet.entry_affect,D,registered,
persona_cards.C.akito.WMAIN.name,free_stage_card_shooting.json,Seed,archetypes/consciousnesses,A,registered,
persona_cards.C.akito.WMAIN.voice_samples,free_stage_card_shooting.json,Seed,persona_core,C,registered,
persona_cards.C.akito.WMAIN.voice_samples[],free_stage_card_shooting.json,Seed,persona_core,C,registered,
persona_cards.C.akito.WMAIN.voice_source,free_stage_card_shooting.json,Mixed,see_leaf,?,registered,
persona_cards.C.kakashi.WMAIN,free_stage_card_shooting.json,Mixed,see_leaf,?,registered,
persona_cards.C.kakashi.WMAIN.boundaries,free_stage_card_shooting.json,Seed,persona_core,C,registered,
persona_cards.C.kakashi.WMAIN.boundaries.hard,free_stage_card_shooting.json,Seed,persona_core,C,registered,
persona_cards.C.kakashi.WMAIN.boundaries.hard[],free_stage_card_shooting.json,Seed,persona_core,C,registered,
persona_cards.C.kakashi.WMAIN.boundaries.soft,free_stage_card_shooting.json,Seed,persona_core,C,registered,
persona_cards.C.kakashi.WMAIN.boundaries.soft[],free_stage_card_shooting.json,Seed,persona_core,C,registered,
persona_cards.C.kakashi.WMAIN.boundaries.style,free_stage_card_shooting.json,Seed,persona_core,C,registered,
persona_cards.C.kakashi.WMAIN.boundaries.voice_samples,free_stage_card_shooting.json,Seed,persona_core,C,registered,
persona_cards.C.kakashi.WMAIN.boundaries.voice_samples[],free_stage_card_shooting.json,Seed,persona_core,C,registered,
persona_cards.C.kakashi.WMAIN.constraints,free_stage_card_shooting.json,Mixed,persona_core|storylet.invariants,C/D,registered,
persona_cards.C.kakashi.WMAIN.constraints[],free_stage_card_shooting.json,Mixed,persona_core|storylet.invariants,C/D,registered,
persona_cards.C.kakashi.WMAIN.inner_state,free_stage_card_shooting.json,Storylet,storylet.entry_affect,D,registered,
persona_cards.C.kakashi.WMAIN.inner_state.knot,free_stage_card_shooting.json,Storylet,storylet.entry_affect,D,registered,
persona_cards.C.kakashi.WMAIN.inner_state.stance_to_player,free_stage_card_shooting.json,Storylet,storylet.entry_affect,D,registered,
persona_cards.C.kakashi.WMAIN.inner_state.unsaid,free_stage_card_shooting.json,Storylet,storylet.entry_affect,D,registered,
persona_cards.C.kakashi.WMAIN.inner_state.want_now,free_stage_card_shooting.json,Storylet,storylet.entry_affect,D,registered,
persona_cards.C.kakashi.WMAIN.name,free_stage_card_shooting.json,Seed,archetypes/consciousnesses,A,registered,
persona_cards.C.kakashi.WMAIN.voice_samples,free_stage_card_shooting.json,Seed,persona_core,C,registered,
persona_cards.C.kakashi.WMAIN.voice_samples[],free_stage_card_shooting.json,Seed,persona_core,C,registered,
persona_cards.C.xiuzai.WMAIN,free_stage_card_shooting.json,Mixed,see_leaf,?,registered,
persona_cards.C.xiuzai.WMAIN.boundaries,free_stage_card_shooting.json,Seed,persona_core,C,registered,
persona_cards.C.xiuzai.WMAIN.boundaries.hard,free_stage_card_shooting.json,Seed,persona_core,C,registered,
persona_cards.C.xiuzai.WMAIN.boundaries.hard[],free_stage_card_shooting.json,Seed,persona_core,C,registered,
persona_cards.C.xiuzai.WMAIN.boundaries.soft,free_stage_card_shooting.json,Seed,persona_core,C,registered,
persona_cards.C.xiuzai.WMAIN.boundaries.soft[],free_stage_card_shooting.json,Seed,persona_core,C,registered,
persona_cards.C.xiuzai.WMAIN.boundaries.style,free_stage_card_shooting.json,Seed,persona_core,C,registered,
persona_cards.C.xiuzai.WMAIN.boundaries.voice_samples,free_stage_card_shooting.json,Seed,persona_core,C,registered,
persona_cards.C.xiuzai.WMAIN.boundaries.voice_samples[],free_stage_card_shooting.json,Seed,persona_core,C,registered,
persona_cards.C.xiuzai.WMAIN.constraints,free_stage_card_shooting.json,Mixed,persona_core|storylet.invariants,C/D,registered,
persona_cards.C.xiuzai.WMAIN.constraints[],free_stage_card_shooting.json,Mixed,persona_core|storylet.invariants,C/D,registered,
persona_cards.C.xiuzai.WMAIN.inner_state,free_stage_card_shooting.json,Storylet,storylet.entry_affect,D,registered,
persona_cards.C.xiuzai.WMAIN.inner_state.knot,free_stage_card_shooting.json,Storylet,storylet.entry_affect,D,registered,
persona_cards.C.xiuzai.WMAIN.inner_state.stance_to_player,free_stage_card_shooting.json,Storylet,storylet.entry_affect,D,registered,
persona_cards.C.xiuzai.WMAIN.inner_state.unsaid,free_stage_card_shooting.json,Storylet,storylet.entry_affect,D,registered,
persona_cards.C.xiuzai.WMAIN.inner_state.want_now,free_stage_card_shooting.json,Storylet,storylet.entry_affect,D,registered,
persona_cards.C.xiuzai.WMAIN.name,free_stage_card_shooting.json,Seed,archetypes/consciousnesses,A,registered,
persona_cards.C.xiuzai.WMAIN.voice_samples,free_stage_card_shooting.json,Seed,persona_core,C,registered,
persona_cards.C.xiuzai.WMAIN.voice_samples[],free_stage_card_shooting.json,Seed,persona_core,C,registered,
present,free_stage_card_shooting.json,Storylet,node_contracts/meta,D,registered,
present[],free_stage_card_shooting.json,Unclassified,TBD,?,registered,
scene,free_stage_card_shooting.json,Storylet,node_contracts/meta,D,registered,
scene_frame,free_stage_card_shooting.json,Storylet,node_contracts,D,registered,
scene_frame.when,free_stage_card_shooting.json,Storylet,node_contracts,D,registered,
scene_frame.where,free_stage_card_shooting.json,Storylet,node_contracts,D,registered,
scene_frame.为什么在这里,free_stage_card_shooting.json,Storylet,node_contracts,D,registered,
scene_frame.关系,free_stage_card_shooting.json,Storylet,node_contracts,D,registered,
scene_frame.此刻想要什么,free_stage_card_shooting.json,Storylet,node_contracts,D,registered,
scene_id,free_stage_card_shooting.json,Storylet,node_contracts/meta,D,registered,
scene_source_excerpt,free_stage_card_shooting.json,Storylet,node_contracts,D,registered,
scene_source_excerpt._note,free_stage_card_shooting.json,Storylet,node_contracts,D,registered,
scene_source_excerpt.墙后撤离,free_stage_card_shooting.json,Storylet,node_contracts,D,registered,
scene_source_excerpt.街头枪响,free_stage_card_shooting.json,Storylet,node_contracts,D,registered,
scene_source_excerpt.露台闲聊,free_stage_card_shooting.json,Storylet,node_contracts,D,registered,
blurb,free_stage_card_tiananmen_v2.json,Storylet,node_contracts,D,registered,
canon_performance,free_stage_card_tiananmen_v2.json,Storylet,node_contracts,D,registered,
canon_performance.schema_version,free_stage_card_tiananmen_v2.json,Storylet,node_contracts,D,registered,
canon_performance.segments,free_stage_card_tiananmen_v2.json,Storylet,node_contracts,D,registered,
canon_performance.segments[],free_stage_card_tiananmen_v2.json,Storylet,node_contracts,D,registered,
canon_performance.segments[].canon_src,free_stage_card_tiananmen_v2.json,Storylet,node_contracts,D,registered,
canon_performance.segments[].completes,free_stage_card_tiananmen_v2.json,Storylet,node_contracts,D,registered,
canon_performance.segments[].completes[],free_stage_card_tiananmen_v2.json,Storylet,node_contracts,D,registered,
canon_performance.segments[].event_uid,free_stage_card_tiananmen_v2.json,Storylet,node_contracts,D,registered,
canon_performance.segments[].present_after,free_stage_card_tiananmen_v2.json,Storylet,node_contracts,D,registered,
canon_performance.segments[].present_after[],free_stage_card_tiananmen_v2.json,Storylet,node_contracts,D,registered,
canon_performance.segments[].retire_personas_after,free_stage_card_tiananmen_v2.json,Storylet,node_contracts,D,registered,
canon_performance.segments[].retire_personas_after[],free_stage_card_tiananmen_v2.json,Storylet,node_contracts,D,registered,
canon_performance.segments[].scene_uid,free_stage_card_tiananmen_v2.json,Storylet,node_contracts,D,registered,
canon_performance.segments[].segment_id,free_stage_card_tiananmen_v2.json,Storylet,node_contracts,D,registered,
canon_performance.segments[].trigger,free_stage_card_tiananmen_v2.json,Storylet,node_contracts,D,registered,
canon_performance.segments[].turns,free_stage_card_tiananmen_v2.json,Storylet,node_contracts,D,registered,
canon_performance.segments[].turns[],free_stage_card_tiananmen_v2.json,Storylet,node_contracts,D,registered,
canon_performance.segments[].turns[].lang,free_stage_card_tiananmen_v2.json,Storylet,node_contracts,D,registered,
canon_performance.segments[].turns[].provenance,free_stage_card_tiananmen_v2.json,Storylet,node_contracts,D,registered,
canon_performance.segments[].turns[].provenance.adaptation_kind,free_stage_card_tiananmen_v2.json,Storylet,node_contracts,D,registered,
canon_performance.segments[].turns[].provenance.canon_src,free_stage_card_tiananmen_v2.json,Storylet,node_contracts,D,registered,
canon_performance.segments[].turns[].provenance.event_uid,free_stage_card_tiananmen_v2.json,Storylet,node_contracts,D,registered,
canon_performance.segments[].turns[].provenance.source_kind,free_stage_card_tiananmen_v2.json,Storylet,node_contracts,D,registered,
canon_performance.segments[].turns[].provenance.speaker_cons,free_stage_card_tiananmen_v2.json,Storylet,node_contracts,D,registered,
canon_performance.segments[].turns[].role,free_stage_card_tiananmen_v2.json,Storylet,node_contracts,D,registered,
canon_performance.segments[].turns[].speaker_before_intro,free_stage_card_tiananmen_v2.json,Storylet,node_contracts,D,registered,
canon_performance.segments[].turns[].speaker_cons,free_stage_card_tiananmen_v2.json,Storylet,node_contracts,D,registered,
canon_performance.segments[].turns[].stage,free_stage_card_tiananmen_v2.json,Storylet,node_contracts,D,registered,
canon_performance.segments[].turns[].text,free_stage_card_tiananmen_v2.json,Storylet,node_contracts,D,registered,
ch_anchor,free_stage_card_tiananmen_v2.json,Storylet,node_contracts/meta,D,registered,
clock,free_stage_card_tiananmen_v2.json,Storylet,node_contracts/meta,D,registered,
current_event_terms,free_stage_card_tiananmen_v2.json,Storylet,node_contracts,D,registered,
current_event_terms[],free_stage_card_tiananmen_v2.json,Storylet,node_contracts,D,registered,
entry_hook,free_stage_card_tiananmen_v2.json,Storylet,node_contracts,D,registered,
exits,free_stage_card_tiananmen_v2.json,Storylet,node_contracts,D,registered,
exits[],free_stage_card_tiananmen_v2.json,Storylet,node_contracts,D,registered,
exits[].allow_forced_exit_before_must,free_stage_card_tiananmen_v2.json,Unclassified,TBD,?,registered,
exits[].bridge_hint,free_stage_card_tiananmen_v2.json,Unclassified,TBD,?,registered,
exits[].exit_state,free_stage_card_tiananmen_v2.json,Unclassified,TBD,?,registered,
exits[].intent_tokens,free_stage_card_tiananmen_v2.json,Unclassified,TBD,?,registered,
exits[].intent_tokens[],free_stage_card_tiananmen_v2.json,Unclassified,TBD,?,registered,
exits[].requires_branch_progress,free_stage_card_tiananmen_v2.json,Unclassified,TBD,?,registered,
exits[].requires_branch_progress[],free_stage_card_tiananmen_v2.json,Unclassified,TBD,?,registered,
exits[].semantic_receipt,free_stage_card_tiananmen_v2.json,Unclassified,TBD,?,registered,
exits[].target_card,free_stage_card_tiananmen_v2.json,Unclassified,TBD,?,registered,
exits[].trigger,free_stage_card_tiananmen_v2.json,Unclassified,TBD,?,registered,
locks,free_stage_card_tiananmen_v2.json,Storylet,node_contracts,D,registered,
locks[],free_stage_card_tiananmen_v2.json,Storylet,node_contracts,D,registered,
memory_layers,free_stage_card_tiananmen_v2.json,Unclassified,TBD,?,registered,
memory_layers.context_memory,free_stage_card_tiananmen_v2.json,Mixed,slow_memory|run,C/D,registered,
memory_layers.context_memory[],free_stage_card_tiananmen_v2.json,Mixed,slow_memory|run,C/D,registered,
memory_layers.knowledge_gate,free_stage_card_tiananmen_v2.json,Seed,knowledge_schedule,A,registered,
memory_layers.knowledge_gate[],free_stage_card_tiananmen_v2.json,Seed,knowledge_schedule,A,registered,
memory_layers.relationship_memory,free_stage_card_tiananmen_v2.json,Mixed,REL|run,C/D,registered,
memory_layers.relationship_memory[],free_stage_card_tiananmen_v2.json,Mixed,REL|run,C/D,registered,
must_happen,free_stage_card_tiananmen_v2.json,Storylet,node_contracts,D,registered,
must_happen[],free_stage_card_tiananmen_v2.json,Storylet,node_contracts,D,registered,
must_happen[].after,free_stage_card_tiananmen_v2.json,Unclassified,TBD,?,registered,
must_happen[].desc,free_stage_card_tiananmen_v2.json,Unclassified,TBD,?,registered,
must_happen[].evidence,free_stage_card_tiananmen_v2.json,Unclassified,TBD,?,registered,
must_happen[].id,free_stage_card_tiananmen_v2.json,Unclassified,TBD,?,registered,
persona_cards,free_stage_card_tiananmen_v2.json,Unclassified,TBD,?,registered,
persona_cards.C.akito.WMAIN,free_stage_card_tiananmen_v2.json,Mixed,see_leaf,?,registered,
persona_cards.C.akito.WMAIN.boundaries,free_stage_card_tiananmen_v2.json,Seed,persona_core,C,registered,
persona_cards.C.akito.WMAIN.boundaries.hard,free_stage_card_tiananmen_v2.json,Seed,persona_core,C,registered,
persona_cards.C.akito.WMAIN.boundaries.hard[],free_stage_card_tiananmen_v2.json,Seed,persona_core,C,registered,
persona_cards.C.akito.WMAIN.boundaries.soft,free_stage_card_tiananmen_v2.json,Seed,persona_core,C,registered,
persona_cards.C.akito.WMAIN.boundaries.soft[],free_stage_card_tiananmen_v2.json,Seed,persona_core,C,registered,
persona_cards.C.akito.WMAIN.boundaries.style,free_stage_card_tiananmen_v2.json,Seed,persona_core,C,registered,
persona_cards.C.akito.WMAIN.boundaries.voice_samples,free_stage_card_tiananmen_v2.json,Seed,persona_core,C,registered,
persona_cards.C.akito.WMAIN.boundaries.voice_samples[],free_stage_card_tiananmen_v2.json,Seed,persona_core,C,registered,
persona_cards.C.akito.WMAIN.constraints,free_stage_card_tiananmen_v2.json,Mixed,persona_core|storylet.invariants,C/D,registered,
persona_cards.C.akito.WMAIN.constraints[],free_stage_card_tiananmen_v2.json,Mixed,persona_core|storylet.invariants,C/D,registered,
persona_cards.C.akito.WMAIN.identity_relations,free_stage_card_tiananmen_v2.json,Seed,propositions+knowledge_schedule,A,registered,
persona_cards.C.akito.WMAIN.identity_seed_prop_ids,free_stage_card_tiananmen_v2.json,Mixed,see_leaf,?,registered,
persona_cards.C.akito.WMAIN.identity_seed_prop_ids[],free_stage_card_tiananmen_v2.json,Mixed,see_leaf,?,registered,
persona_cards.C.akito.WMAIN.inner_state,free_stage_card_tiananmen_v2.json,Storylet,storylet.entry_affect,D,registered,
persona_cards.C.akito.WMAIN.inner_state.knot,free_stage_card_tiananmen_v2.json,Storylet,storylet.entry_affect,D,registered,
persona_cards.C.akito.WMAIN.inner_state.unsaid,free_stage_card_tiananmen_v2.json,Storylet,storylet.entry_affect,D,registered,
persona_cards.C.akito.WMAIN.inner_state.want_now,free_stage_card_tiananmen_v2.json,Storylet,storylet.entry_affect,D,registered,
persona_cards.C.akito.WMAIN.memory_context,free_stage_card_tiananmen_v2.json,Seed,slow_memory,C,registered,
persona_cards.C.akito.WMAIN.memory_context[],free_stage_card_tiananmen_v2.json,Seed,slow_memory,C,registered,
persona_cards.C.akito.WMAIN.name,free_stage_card_tiananmen_v2.json,Seed,archetypes/consciousnesses,A,registered,
persona_cards.C.akito.WMAIN.scene_working_memory,free_stage_card_tiananmen_v2.json,Run/Session,run_ledger+cache,—,registered,
persona_cards.C.akito.WMAIN.scene_working_memory.goals,free_stage_card_tiananmen_v2.json,Run/Session,run_ledger+cache,—,registered,
persona_cards.C.akito.WMAIN.scene_working_memory.goals[],free_stage_card_tiananmen_v2.json,Run/Session,run_ledger+cache,—,registered,
persona_cards.C.akito.WMAIN.scene_working_memory.scene_uid,free_stage_card_tiananmen_v2.json,Run/Session,run_ledger+cache,—,registered,
persona_cards.C.akito.WMAIN.scene_working_memory.source,free_stage_card_tiananmen_v2.json,Run/Session,run_ledger+cache,—,registered,
persona_cards.C.akito.WMAIN.scene_working_memory.source.canon_src,free_stage_card_tiananmen_v2.json,Run/Session,run_ledger+cache,—,registered,
persona_cards.C.akito.WMAIN.scene_working_memory.source.kind,free_stage_card_tiananmen_v2.json,Run/Session,run_ledger+cache,—,registered,
persona_cards.C.akito.WMAIN.scene_working_memory.unresolved_topics,free_stage_card_tiananmen_v2.json,Run/Session,run_ledger+cache,—,registered,
persona_cards.C.akito.WMAIN.scene_working_memory.unresolved_topics[],free_stage_card_tiananmen_v2.json,Run/Session,run_ledger+cache,—,registered,
persona_cards.C.akito.WMAIN.voice_samples,free_stage_card_tiananmen_v2.json,Seed,persona_core,C,registered,
persona_cards.C.akito.WMAIN.voice_samples[],free_stage_card_tiananmen_v2.json,Seed,persona_core,C,registered,
persona_cards.C.akito.WMAIN.voice_samples[].provenance,free_stage_card_tiananmen_v2.json,Mixed,see_leaf,?,registered,
persona_cards.C.akito.WMAIN.voice_samples[].provenance.adaptation_kind,free_stage_card_tiananmen_v2.json,Mixed,see_leaf,?,registered,
persona_cards.C.akito.WMAIN.voice_samples[].provenance.canon_src,free_stage_card_tiananmen_v2.json,Mixed,see_leaf,?,registered,
persona_cards.C.akito.WMAIN.voice_samples[].provenance.confidence,free_stage_card_tiananmen_v2.json,Mixed,see_leaf,?,registered,
persona_cards.C.akito.WMAIN.voice_samples[].provenance.event_uid,free_stage_card_tiananmen_v2.json,Mixed,see_leaf,?,registered,
persona_cards.C.akito.WMAIN.voice_samples[].provenance.source_ch,free_stage_card_tiananmen_v2.json,Mixed,see_leaf,?,registered,
persona_cards.C.akito.WMAIN.voice_samples[].provenance.source_kind,free_stage_card_tiananmen_v2.json,Mixed,see_leaf,?,registered,
persona_cards.C.akito.WMAIN.voice_samples[].provenance.speaker_cons,free_stage_card_tiananmen_v2.json,Mixed,see_leaf,?,registered,
persona_cards.C.akito.WMAIN.voice_samples[].text,free_stage_card_tiananmen_v2.json,Mixed,see_leaf,?,registered,
persona_cards.C.kakashi.WMAIN,free_stage_card_tiananmen_v2.json,Mixed,see_leaf,?,registered,
persona_cards.C.kakashi.WMAIN.boundaries,free_stage_card_tiananmen_v2.json,Seed,persona_core,C,registered,
persona_cards.C.kakashi.WMAIN.boundaries.hard,free_stage_card_tiananmen_v2.json,Seed,persona_core,C,registered,
persona_cards.C.kakashi.WMAIN.boundaries.hard[],free_stage_card_tiananmen_v2.json,Seed,persona_core,C,registered,
persona_cards.C.kakashi.WMAIN.boundaries.soft,free_stage_card_tiananmen_v2.json,Seed,persona_core,C,registered,
persona_cards.C.kakashi.WMAIN.boundaries.soft[],free_stage_card_tiananmen_v2.json,Seed,persona_core,C,registered,
persona_cards.C.kakashi.WMAIN.boundaries.style,free_stage_card_tiananmen_v2.json,Seed,persona_core,C,registered,
persona_cards.C.kakashi.WMAIN.boundaries.voice_samples,free_stage_card_tiananmen_v2.json,Seed,persona_core,C,registered,
persona_cards.C.kakashi.WMAIN.boundaries.voice_samples[],free_stage_card_tiananmen_v2.json,Seed,persona_core,C,registered,
persona_cards.C.kakashi.WMAIN.constraints,free_stage_card_tiananmen_v2.json,Mixed,persona_core|storylet.invariants,C/D,registered,
persona_cards.C.kakashi.WMAIN.constraints[],free_stage_card_tiananmen_v2.json,Mixed,persona_core|storylet.invariants,C/D,registered,
persona_cards.C.kakashi.WMAIN.identity_relations,free_stage_card_tiananmen_v2.json,Seed,propositions+knowledge_schedule,A,registered,
persona_cards.C.kakashi.WMAIN.identity_seed_prop_ids,free_stage_card_tiananmen_v2.json,Mixed,see_leaf,?,registered,
persona_cards.C.kakashi.WMAIN.identity_seed_prop_ids[],free_stage_card_tiananmen_v2.json,Mixed,see_leaf,?,registered,
persona_cards.C.kakashi.WMAIN.inner_state,free_stage_card_tiananmen_v2.json,Storylet,storylet.entry_affect,D,registered,
persona_cards.C.kakashi.WMAIN.inner_state.knot,free_stage_card_tiananmen_v2.json,Storylet,storylet.entry_affect,D,registered,
persona_cards.C.kakashi.WMAIN.inner_state.unsaid,free_stage_card_tiananmen_v2.json,Storylet,storylet.entry_affect,D,registered,
persona_cards.C.kakashi.WMAIN.inner_state.want_now,free_stage_card_tiananmen_v2.json,Storylet,storylet.entry_affect,D,registered,
persona_cards.C.kakashi.WMAIN.memory_context,free_stage_card_tiananmen_v2.json,Seed,slow_memory,C,registered,
persona_cards.C.kakashi.WMAIN.memory_context[],free_stage_card_tiananmen_v2.json,Seed,slow_memory,C,registered,
persona_cards.C.kakashi.WMAIN.name,free_stage_card_tiananmen_v2.json,Seed,archetypes/consciousnesses,A,registered,
persona_cards.C.kakashi.WMAIN.scene_working_memory,free_stage_card_tiananmen_v2.json,Run/Session,run_ledger+cache,—,registered,
persona_cards.C.kakashi.WMAIN.scene_working_memory.goals,free_stage_card_tiananmen_v2.json,Run/Session,run_ledger+cache,—,registered,
persona_cards.C.kakashi.WMAIN.scene_working_memory.goals[],free_stage_card_tiananmen_v2.json,Run/Session,run_ledger+cache,—,registered,
persona_cards.C.kakashi.WMAIN.scene_working_memory.scene_uid,free_stage_card_tiananmen_v2.json,Run/Session,run_ledger+cache,—,registered,
persona_cards.C.kakashi.WMAIN.scene_working_memory.source,free_stage_card_tiananmen_v2.json,Run/Session,run_ledger+cache,—,registered,
persona_cards.C.kakashi.WMAIN.scene_working_memory.source.canon_src,free_stage_card_tiananmen_v2.json,Run/Session,run_ledger+cache,—,registered,
persona_cards.C.kakashi.WMAIN.scene_working_memory.source.kind,free_stage_card_tiananmen_v2.json,Run/Session,run_ledger+cache,—,registered,
persona_cards.C.kakashi.WMAIN.scene_working_memory.unresolved_topics,free_stage_card_tiananmen_v2.json,Run/Session,run_ledger+cache,—,registered,
persona_cards.C.kakashi.WMAIN.scene_working_memory.unresolved_topics[],free_stage_card_tiananmen_v2.json,Run/Session,run_ledger+cache,—,registered,
persona_cards.C.kakashi.WMAIN.voice_samples,free_stage_card_tiananmen_v2.json,Seed,persona_core,C,registered,
persona_cards.C.kakashi.WMAIN.voice_samples[],free_stage_card_tiananmen_v2.json,Seed,persona_core,C,registered,
persona_cards.C.kakashi.WMAIN.voice_samples[].provenance,free_stage_card_tiananmen_v2.json,Mixed,see_leaf,?,registered,
persona_cards.C.kakashi.WMAIN.voice_samples[].provenance.adaptation_kind,free_stage_card_tiananmen_v2.json,Mixed,see_leaf,?,registered,
persona_cards.C.kakashi.WMAIN.voice_samples[].provenance.canon_src,free_stage_card_tiananmen_v2.json,Mixed,see_leaf,?,registered,
persona_cards.C.kakashi.WMAIN.voice_samples[].provenance.confidence,free_stage_card_tiananmen_v2.json,Mixed,see_leaf,?,registered,
persona_cards.C.kakashi.WMAIN.voice_samples[].provenance.event_uid,free_stage_card_tiananmen_v2.json,Mixed,see_leaf,?,registered,
persona_cards.C.kakashi.WMAIN.voice_samples[].provenance.source_ch,free_stage_card_tiananmen_v2.json,Mixed,see_leaf,?,registered,
persona_cards.C.kakashi.WMAIN.voice_samples[].provenance.source_kind,free_stage_card_tiananmen_v2.json,Mixed,see_leaf,?,registered,
persona_cards.C.kakashi.WMAIN.voice_samples[].provenance.speaker_cons,free_stage_card_tiananmen_v2.json,Mixed,see_leaf,?,registered,
persona_cards.C.kakashi.WMAIN.voice_samples[].text,free_stage_card_tiananmen_v2.json,Mixed,see_leaf,?,registered,
persona_cards.C.maki.WMAIN,free_stage_card_tiananmen_v2.json,Mixed,see_leaf,?,registered,
persona_cards.C.maki.WMAIN.boundaries,free_stage_card_tiananmen_v2.json,Seed,persona_core,C,registered,
persona_cards.C.maki.WMAIN.boundaries.hard,free_stage_card_tiananmen_v2.json,Seed,persona_core,C,registered,
persona_cards.C.maki.WMAIN.boundaries.hard[],free_stage_card_tiananmen_v2.json,Seed,persona_core,C,registered,
persona_cards.C.maki.WMAIN.boundaries.soft,free_stage_card_tiananmen_v2.json,Seed,persona_core,C,registered,
persona_cards.C.maki.WMAIN.boundaries.soft[],free_stage_card_tiananmen_v2.json,Seed,persona_core,C,registered,
persona_cards.C.maki.WMAIN.boundaries.style,free_stage_card_tiananmen_v2.json,Seed,persona_core,C,registered,
persona_cards.C.maki.WMAIN.constraints,free_stage_card_tiananmen_v2.json,Mixed,persona_core|storylet.invariants,C/D,registered,
persona_cards.C.maki.WMAIN.constraints[],free_stage_card_tiananmen_v2.json,Mixed,persona_core|storylet.invariants,C/D,registered,
persona_cards.C.maki.WMAIN.identity_relations,free_stage_card_tiananmen_v2.json,Seed,propositions+knowledge_schedule,A,registered,
persona_cards.C.maki.WMAIN.identity_seed_prop_ids,free_stage_card_tiananmen_v2.json,Mixed,see_leaf,?,registered,
persona_cards.C.maki.WMAIN.identity_seed_prop_ids[],free_stage_card_tiananmen_v2.json,Mixed,see_leaf,?,registered,
persona_cards.C.maki.WMAIN.inner_state,free_stage_card_tiananmen_v2.json,Storylet,storylet.entry_affect,D,registered,
persona_cards.C.maki.WMAIN.inner_state.knot,free_stage_card_tiananmen_v2.json,Storylet,storylet.entry_affect,D,registered,
persona_cards.C.maki.WMAIN.inner_state.want_now,free_stage_card_tiananmen_v2.json,Storylet,storylet.entry_affect,D,registered,
persona_cards.C.maki.WMAIN.memory_context,free_stage_card_tiananmen_v2.json,Seed,slow_memory,C,registered,
persona_cards.C.maki.WMAIN.memory_context[],free_stage_card_tiananmen_v2.json,Seed,slow_memory,C,registered,
persona_cards.C.maki.WMAIN.name,free_stage_card_tiananmen_v2.json,Seed,archetypes/consciousnesses,A,registered,
persona_cards.C.maki.WMAIN.scene_working_memory,free_stage_card_tiananmen_v2.json,Run/Session,run_ledger+cache,—,registered,
persona_cards.C.maki.WMAIN.scene_working_memory.goals,free_stage_card_tiananmen_v2.json,Run/Session,run_ledger+cache,—,registered,
persona_cards.C.maki.WMAIN.scene_working_memory.goals[],free_stage_card_tiananmen_v2.json,Run/Session,run_ledger+cache,—,registered,
persona_cards.C.maki.WMAIN.scene_working_memory.scene_uid,free_stage_card_tiananmen_v2.json,Run/Session,run_ledger+cache,—,registered,
persona_cards.C.maki.WMAIN.scene_working_memory.source,free_stage_card_tiananmen_v2.json,Run/Session,run_ledger+cache,—,registered,
persona_cards.C.maki.WMAIN.scene_working_memory.source.canon_src,free_stage_card_tiananmen_v2.json,Run/Session,run_ledger+cache,—,registered,
persona_cards.C.maki.WMAIN.scene_working_memory.source.kind,free_stage_card_tiananmen_v2.json,Run/Session,run_ledger+cache,—,registered,
persona_cards.C.maki.WMAIN.scene_working_memory.unresolved_topics,free_stage_card_tiananmen_v2.json,Run/Session,run_ledger+cache,—,registered,
persona_cards.C.maki.WMAIN.scene_working_memory.unresolved_topics[],free_stage_card_tiananmen_v2.json,Run/Session,run_ledger+cache,—,registered,
persona_cards.C.xiuzai.WMAIN,free_stage_card_tiananmen_v2.json,Mixed,see_leaf,?,registered,
persona_cards.C.xiuzai.WMAIN.boundaries,free_stage_card_tiananmen_v2.json,Seed,persona_core,C,registered,
persona_cards.C.xiuzai.WMAIN.boundaries.hard,free_stage_card_tiananmen_v2.json,Seed,persona_core,C,registered,
persona_cards.C.xiuzai.WMAIN.boundaries.hard[],free_stage_card_tiananmen_v2.json,Seed,persona_core,C,registered,
persona_cards.C.xiuzai.WMAIN.boundaries.soft,free_stage_card_tiananmen_v2.json,Seed,persona_core,C,registered,
persona_cards.C.xiuzai.WMAIN.boundaries.soft[],free_stage_card_tiananmen_v2.json,Seed,persona_core,C,registered,
persona_cards.C.xiuzai.WMAIN.boundaries.style,free_stage_card_tiananmen_v2.json,Seed,persona_core,C,registered,
persona_cards.C.xiuzai.WMAIN.boundaries.voice_samples,free_stage_card_tiananmen_v2.json,Seed,persona_core,C,registered,
persona_cards.C.xiuzai.WMAIN.boundaries.voice_samples[],free_stage_card_tiananmen_v2.json,Seed,persona_core,C,registered,
persona_cards.C.xiuzai.WMAIN.constraints,free_stage_card_tiananmen_v2.json,Mixed,persona_core|storylet.invariants,C/D,registered,
persona_cards.C.xiuzai.WMAIN.constraints[],free_stage_card_tiananmen_v2.json,Mixed,persona_core|storylet.invariants,C/D,registered,
persona_cards.C.xiuzai.WMAIN.identity_relations,free_stage_card_tiananmen_v2.json,Seed,propositions+knowledge_schedule,A,registered,
persona_cards.C.xiuzai.WMAIN.identity_seed_prop_ids,free_stage_card_tiananmen_v2.json,Mixed,see_leaf,?,registered,
persona_cards.C.xiuzai.WMAIN.identity_seed_prop_ids[],free_stage_card_tiananmen_v2.json,Mixed,see_leaf,?,registered,
persona_cards.C.xiuzai.WMAIN.inner_state,free_stage_card_tiananmen_v2.json,Storylet,storylet.entry_affect,D,registered,
persona_cards.C.xiuzai.WMAIN.inner_state.knot,free_stage_card_tiananmen_v2.json,Storylet,storylet.entry_affect,D,registered,
persona_cards.C.xiuzai.WMAIN.inner_state.unsaid,free_stage_card_tiananmen_v2.json,Storylet,storylet.entry_affect,D,registered,
persona_cards.C.xiuzai.WMAIN.inner_state.want_now,free_stage_card_tiananmen_v2.json,Storylet,storylet.entry_affect,D,registered,
persona_cards.C.xiuzai.WMAIN.memory_context,free_stage_card_tiananmen_v2.json,Seed,slow_memory,C,registered,
persona_cards.C.xiuzai.WMAIN.memory_context[],free_stage_card_tiananmen_v2.json,Seed,slow_memory,C,registered,
persona_cards.C.xiuzai.WMAIN.name,free_stage_card_tiananmen_v2.json,Seed,archetypes/consciousnesses,A,registered,
persona_cards.C.xiuzai.WMAIN.scene_working_memory,free_stage_card_tiananmen_v2.json,Run/Session,run_ledger+cache,—,registered,
persona_cards.C.xiuzai.WMAIN.scene_working_memory.goals,free_stage_card_tiananmen_v2.json,Run/Session,run_ledger+cache,—,registered,
persona_cards.C.xiuzai.WMAIN.scene_working_memory.goals[],free_stage_card_tiananmen_v2.json,Run/Session,run_ledger+cache,—,registered,
persona_cards.C.xiuzai.WMAIN.scene_working_memory.scene_uid,free_stage_card_tiananmen_v2.json,Run/Session,run_ledger+cache,—,registered,
persona_cards.C.xiuzai.WMAIN.scene_working_memory.source,free_stage_card_tiananmen_v2.json,Run/Session,run_ledger+cache,—,registered,
persona_cards.C.xiuzai.WMAIN.scene_working_memory.source.canon_src,free_stage_card_tiananmen_v2.json,Run/Session,run_ledger+cache,—,registered,
persona_cards.C.xiuzai.WMAIN.scene_working_memory.source.kind,free_stage_card_tiananmen_v2.json,Run/Session,run_ledger+cache,—,registered,
persona_cards.C.xiuzai.WMAIN.scene_working_memory.unresolved_topics,free_stage_card_tiananmen_v2.json,Run/Session,run_ledger+cache,—,registered,
persona_cards.C.xiuzai.WMAIN.scene_working_memory.unresolved_topics[],free_stage_card_tiananmen_v2.json,Run/Session,run_ledger+cache,—,registered,
persona_cards.C.xiuzai.WMAIN.voice_samples,free_stage_card_tiananmen_v2.json,Seed,persona_core,C,registered,
persona_cards.C.xiuzai.WMAIN.voice_samples[],free_stage_card_tiananmen_v2.json,Seed,persona_core,C,registered,
persona_cards.C.xiuzai.WMAIN.voice_samples[].provenance,free_stage_card_tiananmen_v2.json,Mixed,see_leaf,?,registered,
persona_cards.C.xiuzai.WMAIN.voice_samples[].provenance.adaptation_kind,free_stage_card_tiananmen_v2.json,Mixed,see_leaf,?,registered,
persona_cards.C.xiuzai.WMAIN.voice_samples[].provenance.canon_src,free_stage_card_tiananmen_v2.json,Mixed,see_leaf,?,registered,
persona_cards.C.xiuzai.WMAIN.voice_samples[].provenance.confidence,free_stage_card_tiananmen_v2.json,Mixed,see_leaf,?,registered,
persona_cards.C.xiuzai.WMAIN.voice_samples[].provenance.event_uid,free_stage_card_tiananmen_v2.json,Mixed,see_leaf,?,registered,
persona_cards.C.xiuzai.WMAIN.voice_samples[].provenance.source_ch,free_stage_card_tiananmen_v2.json,Mixed,see_leaf,?,registered,
persona_cards.C.xiuzai.WMAIN.voice_samples[].provenance.source_kind,free_stage_card_tiananmen_v2.json,Mixed,see_leaf,?,registered,
persona_cards.C.xiuzai.WMAIN.voice_samples[].provenance.speaker_cons,free_stage_card_tiananmen_v2.json,Mixed,see_leaf,?,registered,
persona_cards.C.xiuzai.WMAIN.voice_samples[].text,free_stage_card_tiananmen_v2.json,Mixed,see_leaf,?,registered,
present,free_stage_card_tiananmen_v2.json,Storylet,node_contracts/meta,D,registered,
present[],free_stage_card_tiananmen_v2.json,Unclassified,TBD,?,registered,
scene,free_stage_card_tiananmen_v2.json,Storylet,node_contracts/meta,D,registered,
scene_frame,free_stage_card_tiananmen_v2.json,Storylet,node_contracts,D,registered,
scene_frame.when,free_stage_card_tiananmen_v2.json,Storylet,node_contracts,D,registered,
scene_frame.where,free_stage_card_tiananmen_v2.json,Storylet,node_contracts,D,registered,
scene_id,free_stage_card_tiananmen_v2.json,Storylet,node_contracts/meta,D,registered,
ambient_actor_profiles,free_stage_card_tianjin_pause.json,Storylet,node_contracts,D,registered,
ambient_actor_profiles[],free_stage_card_tianjin_pause.json,Storylet,node_contracts,D,registered,
ambient_actor_profiles[].boundaries,free_stage_card_tianjin_pause.json,Seed,persona_core,C,registered,
ambient_actor_profiles[].boundaries.hard,free_stage_card_tianjin_pause.json,Seed,persona_core,C,registered,
ambient_actor_profiles[].boundaries.soft,free_stage_card_tianjin_pause.json,Seed,persona_core,C,registered,
ambient_actor_profiles[].boundaries.soft[],free_stage_card_tianjin_pause.json,Seed,persona_core,C,registered,
ambient_actor_profiles[].boundaries.style,free_stage_card_tianjin_pause.json,Seed,persona_core,C,registered,
ambient_actor_profiles[].constraints,free_stage_card_tianjin_pause.json,Mixed,persona_core|storylet.invariants,C/D,registered,
ambient_actor_profiles[].constraints[],free_stage_card_tianjin_pause.json,Mixed,persona_core|storylet.invariants,C/D,registered,
ambient_actor_profiles[].profile_id,free_stage_card_tianjin_pause.json,Unclassified,TBD,?,registered,
ambient_actor_profiles[].public_role,free_stage_card_tianjin_pause.json,Unclassified,TBD,?,registered,
ambient_actor_profiles[].want_now,free_stage_card_tianjin_pause.json,Unclassified,TBD,?,registered,
ambient_stage,free_stage_card_tianjin_pause.json,Storylet,node_contracts,D,registered,
ambient_stage.便利店,free_stage_card_tianjin_pause.json,Storylet,node_contracts,D,registered,
ambient_stage.公交站,free_stage_card_tianjin_pause.json,Storylet,node_contracts,D,registered,
ambient_stage.街口,free_stage_card_tianjin_pause.json,Storylet,node_contracts,D,registered,
blurb,free_stage_card_tianjin_pause.json,Storylet,node_contracts,D,registered,
ch_anchor,free_stage_card_tianjin_pause.json,Storylet,node_contracts/meta,D,registered,
clock,free_stage_card_tianjin_pause.json,Storylet,node_contracts/meta,D,registered,
entry_hook,free_stage_card_tianjin_pause.json,Storylet,node_contracts,D,registered,
exits,free_stage_card_tianjin_pause.json,Storylet,node_contracts,D,registered,
exits[],free_stage_card_tianjin_pause.json,Storylet,node_contracts,D,registered,
exits[].bridge_hint,free_stage_card_tianjin_pause.json,Unclassified,TBD,?,registered,
exits[].entry_context,free_stage_card_tianjin_pause.json,Unclassified,TBD,?,registered,
exits[].entry_context.arrival_reason,free_stage_card_tianjin_pause.json,Unclassified,TBD,?,registered,
exits[].entry_context.entry_id,free_stage_card_tianjin_pause.json,Unclassified,TBD,?,registered,
exits[].entry_context.public_context,free_stage_card_tianjin_pause.json,Unclassified,TBD,?,registered,
exits[].entry_context.public_context[],free_stage_card_tianjin_pause.json,Unclassified,TBD,?,registered,
exits[].entry_context.relationship_context,free_stage_card_tianjin_pause.json,Unclassified,TBD,?,registered,
exits[].entry_context.relationship_context[],free_stage_card_tianjin_pause.json,Unclassified,TBD,?,registered,
exits[].entry_context.source_line,free_stage_card_tianjin_pause.json,Unclassified,TBD,?,registered,
exits[].entry_context.source_opening_id,free_stage_card_tianjin_pause.json,Unclassified,TBD,?,registered,
exits[].target_card,free_stage_card_tianjin_pause.json,Unclassified,TBD,?,registered,
exits[].trigger,free_stage_card_tianjin_pause.json,Unclassified,TBD,?,registered,
intent_affordances,free_stage_card_tianjin_pause.json,Storylet,node_contracts,D,registered,
intent_affordances[],free_stage_card_tianjin_pause.json,Storylet,node_contracts,D,registered,
intent_affordances[].affordance_id,free_stage_card_tianjin_pause.json,Unclassified,TBD,?,registered,
intent_affordances[].description,free_stage_card_tianjin_pause.json,Unclassified,TBD,?,registered,
intent_affordances[].goal_key,free_stage_card_tianjin_pause.json,Unclassified,TBD,?,registered,
intent_affordances[].mode,free_stage_card_tianjin_pause.json,Unclassified,TBD,?,registered,
intent_affordances[].score,free_stage_card_tianjin_pause.json,Unclassified,TBD,?,registered,
intent_affordances[].source,free_stage_card_tianjin_pause.json,Unclassified,TBD,?,registered,
intent_affordances[].storylet,free_stage_card_tianjin_pause.json,Unclassified,TBD,?,registered,
intent_affordances[].storylet.entry_conditions,free_stage_card_tianjin_pause.json,Unclassified,TBD,?,registered,
intent_affordances[].storylet.entry_conditions[],free_stage_card_tianjin_pause.json,Unclassified,TBD,?,registered,
intent_affordances[].storylet.exit_keys,free_stage_card_tianjin_pause.json,Unclassified,TBD,?,registered,
intent_affordances[].storylet.exit_keys[],free_stage_card_tianjin_pause.json,Unclassified,TBD,?,registered,
intent_affordances[].storylet.invariants,free_stage_card_tianjin_pause.json,Unclassified,TBD,?,registered,
intent_affordances[].storylet.invariants[],free_stage_card_tianjin_pause.json,Unclassified,TBD,?,registered,
intent_affordances[].visible_reason,free_stage_card_tianjin_pause.json,Unclassified,TBD,?,registered,
locks,free_stage_card_tianjin_pause.json,Storylet,node_contracts,D,registered,
locks[],free_stage_card_tianjin_pause.json,Storylet,node_contracts,D,registered,
memory_layers,free_stage_card_tianjin_pause.json,Unclassified,TBD,?,registered,
memory_layers.context_memory,free_stage_card_tianjin_pause.json,Mixed,slow_memory|run,C/D,registered,
memory_layers.context_memory[],free_stage_card_tianjin_pause.json,Mixed,slow_memory|run,C/D,registered,
memory_layers.knowledge_gate,free_stage_card_tianjin_pause.json,Seed,knowledge_schedule,A,registered,
memory_layers.knowledge_gate[],free_stage_card_tianjin_pause.json,Seed,knowledge_schedule,A,registered,
memory_layers.relationship_memory,free_stage_card_tianjin_pause.json,Mixed,REL|run,C/D,registered,
must_happen,free_stage_card_tianjin_pause.json,Storylet,node_contracts,D,registered,
present,free_stage_card_tianjin_pause.json,Storylet,node_contracts/meta,D,registered,
present[],free_stage_card_tianjin_pause.json,Unclassified,TBD,?,registered,
scene,free_stage_card_tianjin_pause.json,Storylet,node_contracts/meta,D,registered,
scene_frame,free_stage_card_tianjin_pause.json,Storylet,node_contracts,D,registered,
scene_frame.when,free_stage_card_tianjin_pause.json,Storylet,node_contracts,D,registered,
scene_frame.where,free_stage_card_tianjin_pause.json,Storylet,node_contracts,D,registered,
scene_frame.为什么在这里,free_stage_card_tianjin_pause.json,Storylet,node_contracts,D,registered,
scene_frame.关系,free_stage_card_tianjin_pause.json,Storylet,node_contracts,D,registered,
scene_frame.此刻想要什么,free_stage_card_tianjin_pause.json,Storylet,node_contracts,D,registered,
scene_id,free_stage_card_tianjin_pause.json,Storylet,node_contracts/meta,D,registered,
autonomous_decisions,free_stage_card_train_arrival.json,Storylet,node_contracts,D,registered,
autonomous_decisions[],free_stage_card_train_arrival.json,Storylet,node_contracts,D,registered,
autonomous_decisions[].actor_cons,free_stage_card_train_arrival.json,Unclassified,TBD,?,registered,
autonomous_decisions[].decision_id,free_stage_card_train_arrival.json,Unclassified,TBD,?,registered,
autonomous_decisions[].outcome_branch_progress,free_stage_card_train_arrival.json,Unclassified,TBD,?,registered,
autonomous_decisions[].outcome_branch_progress.alternative,free_stage_card_train_arrival.json,Unclassified,TBD,?,registered,
autonomous_decisions[].outcome_branch_progress.alternative[],free_stage_card_train_arrival.json,Unclassified,TBD,?,registered,
autonomous_decisions[].outcome_branch_progress.defer,free_stage_card_train_arrival.json,Unclassified,TBD,?,registered,
autonomous_decisions[].outcome_branch_progress.defer[],free_stage_card_train_arrival.json,Unclassified,TBD,?,registered,
autonomous_decisions[].outcome_branch_progress.leave,free_stage_card_train_arrival.json,Unclassified,TBD,?,registered,
autonomous_decisions[].outcome_branch_progress.leave[],free_stage_card_train_arrival.json,Unclassified,TBD,?,registered,
autonomous_decisions[].outcome_scene_effects,free_stage_card_train_arrival.json,Unclassified,TBD,?,registered,
autonomous_decisions[].outcome_scene_effects.leave,free_stage_card_train_arrival.json,Unclassified,TBD,?,registered,
autonomous_decisions[].outcome_scene_effects.leave.actor_leaves_scene,free_stage_card_train_arrival.json,Unclassified,TBD,?,registered,
autonomous_decisions[].situation,free_stage_card_train_arrival.json,Unclassified,TBD,?,registered,
autonomous_decisions[].valid_outcomes,free_stage_card_train_arrival.json,Unclassified,TBD,?,registered,
autonomous_decisions[].valid_outcomes[],free_stage_card_train_arrival.json,Unclassified,TBD,?,registered,
blurb,free_stage_card_train_arrival.json,Storylet,node_contracts,D,registered,
ch_anchor,free_stage_card_train_arrival.json,Storylet,node_contracts/meta,D,registered,
clock,free_stage_card_train_arrival.json,Storylet,node_contracts/meta,D,registered,
current_event_terms,free_stage_card_train_arrival.json,Storylet,node_contracts,D,registered,
current_event_terms[],free_stage_card_train_arrival.json,Storylet,node_contracts,D,registered,
entry_hook,free_stage_card_train_arrival.json,Storylet,node_contracts,D,registered,
exits,free_stage_card_train_arrival.json,Storylet,node_contracts,D,registered,
exits[],free_stage_card_train_arrival.json,Storylet,node_contracts,D,registered,
exits[].bridge_hint,free_stage_card_train_arrival.json,Unclassified,TBD,?,registered,
exits[].requires_autonomous_outcomes,free_stage_card_train_arrival.json,Unclassified,TBD,?,registered,
exits[].requires_autonomous_outcomes.akito_after_train_phone,free_stage_card_train_arrival.json,Unclassified,TBD,?,registered,
exits[].requires_autonomous_outcomes.maki_after_train_phone,free_stage_card_train_arrival.json,Unclassified,TBD,?,registered,
exits[].target_card,free_stage_card_train_arrival.json,Unclassified,TBD,?,registered,
exits[].trigger,free_stage_card_train_arrival.json,Unclassified,TBD,?,registered,
locks,free_stage_card_train_arrival.json,Storylet,node_contracts,D,registered,
locks[],free_stage_card_train_arrival.json,Storylet,node_contracts,D,registered,
memory_layers,free_stage_card_train_arrival.json,Unclassified,TBD,?,registered,
memory_layers.context_memory,free_stage_card_train_arrival.json,Mixed,slow_memory|run,C/D,registered,
memory_layers.context_memory[],free_stage_card_train_arrival.json,Mixed,slow_memory|run,C/D,registered,
memory_layers.knowledge_gate,free_stage_card_train_arrival.json,Seed,knowledge_schedule,A,registered,
memory_layers.knowledge_gate[],free_stage_card_train_arrival.json,Seed,knowledge_schedule,A,registered,
memory_layers.relationship_memory,free_stage_card_train_arrival.json,Mixed,REL|run,C/D,registered,
memory_layers.relationship_memory[],free_stage_card_train_arrival.json,Mixed,REL|run,C/D,registered,
must_happen,free_stage_card_train_arrival.json,Storylet,node_contracts,D,registered,
persona_cards,free_stage_card_train_arrival.json,Unclassified,TBD,?,registered,
persona_cards.C.akito.WMAIN,free_stage_card_train_arrival.json,Mixed,see_leaf,?,registered,
persona_cards.C.akito.WMAIN.constraints,free_stage_card_train_arrival.json,Mixed,persona_core|storylet.invariants,C/D,registered,
persona_cards.C.akito.WMAIN.constraints[],free_stage_card_train_arrival.json,Mixed,persona_core|storylet.invariants,C/D,registered,
persona_cards.C.akito.WMAIN.inner_state,free_stage_card_train_arrival.json,Storylet,storylet.entry_affect,D,registered,
persona_cards.C.akito.WMAIN.inner_state.knot,free_stage_card_train_arrival.json,Storylet,storylet.entry_affect,D,registered,
persona_cards.C.akito.WMAIN.inner_state.stance_to_player,free_stage_card_train_arrival.json,Storylet,storylet.entry_affect,D,registered,
persona_cards.C.akito.WMAIN.inner_state.unsaid,free_stage_card_train_arrival.json,Storylet,storylet.entry_affect,D,registered,
persona_cards.C.akito.WMAIN.inner_state.want_now,free_stage_card_train_arrival.json,Storylet,storylet.entry_affect,D,registered,
persona_cards.C.akito.WMAIN.name,free_stage_card_train_arrival.json,Seed,archetypes/consciousnesses,A,registered,
persona_cards.C.akito.WMAIN.voice_source,free_stage_card_train_arrival.json,Mixed,see_leaf,?,registered,
persona_cards.C.maki.WMAIN,free_stage_card_train_arrival.json,Mixed,see_leaf,?,registered,
persona_cards.C.maki.WMAIN.constraints,free_stage_card_train_arrival.json,Mixed,persona_core|storylet.invariants,C/D,registered,
persona_cards.C.maki.WMAIN.constraints[],free_stage_card_train_arrival.json,Mixed,persona_core|storylet.invariants,C/D,registered,
persona_cards.C.maki.WMAIN.inner_state,free_stage_card_train_arrival.json,Storylet,storylet.entry_affect,D,registered,
persona_cards.C.maki.WMAIN.inner_state.knot,free_stage_card_train_arrival.json,Storylet,storylet.entry_affect,D,registered,
persona_cards.C.maki.WMAIN.inner_state.stance_to_player,free_stage_card_train_arrival.json,Storylet,storylet.entry_affect,D,registered,
persona_cards.C.maki.WMAIN.inner_state.unsaid,free_stage_card_train_arrival.json,Storylet,storylet.entry_affect,D,registered,
persona_cards.C.maki.WMAIN.inner_state.want_now,free_stage_card_train_arrival.json,Storylet,storylet.entry_affect,D,registered,
persona_cards.C.maki.WMAIN.name,free_stage_card_train_arrival.json,Seed,archetypes/consciousnesses,A,registered,
present,free_stage_card_train_arrival.json,Storylet,node_contracts/meta,D,registered,
present[],free_stage_card_train_arrival.json,Unclassified,TBD,?,registered,
scene,free_stage_card_train_arrival.json,Storylet,node_contracts/meta,D,registered,
scene_frame,free_stage_card_train_arrival.json,Storylet,node_contracts,D,registered,
scene_frame.when,free_stage_card_train_arrival.json,Storylet,node_contracts,D,registered,
scene_frame.where,free_stage_card_train_arrival.json,Storylet,node_contracts,D,registered,
scene_frame.为什么在这里,free_stage_card_train_arrival.json,Storylet,node_contracts,D,registered,
scene_frame.关系,free_stage_card_train_arrival.json,Storylet,node_contracts,D,registered,
scene_frame.此刻想要什么,free_stage_card_train_arrival.json,Storylet,node_contracts,D,registered,
scene_id,free_stage_card_train_arrival.json,Storylet,node_contracts/meta,D,registered,
blurb,free_stage_card_weichu_aftermath.json,Storylet,node_contracts,D,registered,
branch_points,free_stage_card_weichu_aftermath.json,Storylet,node_contracts,D,registered,
branch_points[],free_stage_card_weichu_aftermath.json,Storylet,node_contracts,D,registered,
branch_points[].id,free_stage_card_weichu_aftermath.json,Unclassified,TBD,?,registered,
branch_points[].keywords,free_stage_card_weichu_aftermath.json,Unclassified,TBD,?,registered,
branch_points[].keywords.negative,free_stage_card_weichu_aftermath.json,Unclassified,TBD,?,registered,
branch_points[].keywords.positive,free_stage_card_weichu_aftermath.json,Unclassified,TBD,?,registered,
branch_points[].keywords.positive[],free_stage_card_weichu_aftermath.json,Unclassified,TBD,?,registered,
branch_points[].trigger,free_stage_card_weichu_aftermath.json,Unclassified,TBD,?,registered,
ch_anchor,free_stage_card_weichu_aftermath.json,Storylet,node_contracts/meta,D,registered,
clock,free_stage_card_weichu_aftermath.json,Storylet,node_contracts/meta,D,registered,
current_event_terms,free_stage_card_weichu_aftermath.json,Storylet,node_contracts,D,registered,
current_event_terms[],free_stage_card_weichu_aftermath.json,Storylet,node_contracts,D,registered,
director_only_characters,free_stage_card_weichu_aftermath.json,Storylet,node_contracts,D,registered,
entry_hook,free_stage_card_weichu_aftermath.json,Storylet,node_contracts,D,registered,
exits,free_stage_card_weichu_aftermath.json,Storylet,node_contracts,D,registered,
exits[],free_stage_card_weichu_aftermath.json,Storylet,node_contracts,D,registered,
exits[].bridge_hint,free_stage_card_weichu_aftermath.json,Unclassified,TBD,?,registered,
exits[].exit_state,free_stage_card_weichu_aftermath.json,Unclassified,TBD,?,registered,
exits[].target_card,free_stage_card_weichu_aftermath.json,Unclassified,TBD,?,registered,
exits[].trigger,free_stage_card_weichu_aftermath.json,Unclassified,TBD,?,registered,
locks,free_stage_card_weichu_aftermath.json,Storylet,node_contracts,D,registered,
locks[],free_stage_card_weichu_aftermath.json,Storylet,node_contracts,D,registered,
memory_layers,free_stage_card_weichu_aftermath.json,Unclassified,TBD,?,registered,
memory_layers.context_memory,free_stage_card_weichu_aftermath.json,Mixed,slow_memory|run,C/D,registered,
memory_layers.context_memory[],free_stage_card_weichu_aftermath.json,Mixed,slow_memory|run,C/D,registered,
memory_layers.knowledge_gate,free_stage_card_weichu_aftermath.json,Seed,knowledge_schedule,A,registered,
memory_layers.knowledge_gate[],free_stage_card_weichu_aftermath.json,Seed,knowledge_schedule,A,registered,
memory_layers.relationship_memory,free_stage_card_weichu_aftermath.json,Mixed,REL|run,C/D,registered,
memory_layers.relationship_memory[],free_stage_card_weichu_aftermath.json,Mixed,REL|run,C/D,registered,
must_happen,free_stage_card_weichu_aftermath.json,Storylet,node_contracts,D,registered,
must_happen[],free_stage_card_weichu_aftermath.json,Storylet,node_contracts,D,registered,
must_happen[].desc,free_stage_card_weichu_aftermath.json,Unclassified,TBD,?,registered,
must_happen[].evidence,free_stage_card_weichu_aftermath.json,Unclassified,TBD,?,registered,
must_happen[].id,free_stage_card_weichu_aftermath.json,Unclassified,TBD,?,registered,
persona_cards,free_stage_card_weichu_aftermath.json,Unclassified,TBD,?,registered,
persona_cards.C.weichu.WMAIN,free_stage_card_weichu_aftermath.json,Mixed,see_leaf,?,registered,
persona_cards.C.weichu.WMAIN.boundaries,free_stage_card_weichu_aftermath.json,Seed,persona_core,C,registered,
persona_cards.C.weichu.WMAIN.boundaries.hard,free_stage_card_weichu_aftermath.json,Seed,persona_core,C,registered,
persona_cards.C.weichu.WMAIN.boundaries.hard[],free_stage_card_weichu_aftermath.json,Seed,persona_core,C,registered,
persona_cards.C.weichu.WMAIN.boundaries.soft,free_stage_card_weichu_aftermath.json,Seed,persona_core,C,registered,
persona_cards.C.weichu.WMAIN.boundaries.soft[],free_stage_card_weichu_aftermath.json,Seed,persona_core,C,registered,
persona_cards.C.weichu.WMAIN.boundaries.style,free_stage_card_weichu_aftermath.json,Seed,persona_core,C,registered,
persona_cards.C.weichu.WMAIN.boundaries.voice_samples,free_stage_card_weichu_aftermath.json,Seed,persona_core,C,registered,
persona_cards.C.weichu.WMAIN.boundaries.voice_samples[],free_stage_card_weichu_aftermath.json,Seed,persona_core,C,registered,
persona_cards.C.weichu.WMAIN.constraints,free_stage_card_weichu_aftermath.json,Mixed,persona_core|storylet.invariants,C/D,registered,
persona_cards.C.weichu.WMAIN.constraints[],free_stage_card_weichu_aftermath.json,Mixed,persona_core|storylet.invariants,C/D,registered,
persona_cards.C.weichu.WMAIN.inner_state,free_stage_card_weichu_aftermath.json,Storylet,storylet.entry_affect,D,registered,
persona_cards.C.weichu.WMAIN.inner_state.knot,free_stage_card_weichu_aftermath.json,Storylet,storylet.entry_affect,D,registered,
persona_cards.C.weichu.WMAIN.inner_state.stance_to_player,free_stage_card_weichu_aftermath.json,Storylet,storylet.entry_affect,D,registered,
persona_cards.C.weichu.WMAIN.inner_state.unsaid,free_stage_card_weichu_aftermath.json,Storylet,storylet.entry_affect,D,registered,
persona_cards.C.weichu.WMAIN.inner_state.want_now,free_stage_card_weichu_aftermath.json,Storylet,storylet.entry_affect,D,registered,
persona_cards.C.weichu.WMAIN.name,free_stage_card_weichu_aftermath.json,Seed,archetypes/consciousnesses,A,registered,
persona_cards.C.weichu.WMAIN.voice_samples,free_stage_card_weichu_aftermath.json,Seed,persona_core,C,registered,
persona_cards.C.weichu.WMAIN.voice_samples[],free_stage_card_weichu_aftermath.json,Seed,persona_core,C,registered,
persona_cards.C.zhangchen.WMAIN,free_stage_card_weichu_aftermath.json,Mixed,see_leaf,?,registered,
persona_cards.C.zhangchen.WMAIN.boundaries,free_stage_card_weichu_aftermath.json,Seed,persona_core,C,registered,
persona_cards.C.zhangchen.WMAIN.boundaries.hard,free_stage_card_weichu_aftermath.json,Seed,persona_core,C,registered,
persona_cards.C.zhangchen.WMAIN.boundaries.soft,free_stage_card_weichu_aftermath.json,Seed,persona_core,C,registered,
persona_cards.C.zhangchen.WMAIN.boundaries.soft[],free_stage_card_weichu_aftermath.json,Seed,persona_core,C,registered,
persona_cards.C.zhangchen.WMAIN.boundaries.style,free_stage_card_weichu_aftermath.json,Seed,persona_core,C,registered,
persona_cards.C.zhangchen.WMAIN.boundaries.voice_samples,free_stage_card_weichu_aftermath.json,Seed,persona_core,C,registered,
persona_cards.C.zhangchen.WMAIN.boundaries.voice_samples[],free_stage_card_weichu_aftermath.json,Seed,persona_core,C,registered,
persona_cards.C.zhangchen.WMAIN.constraints,free_stage_card_weichu_aftermath.json,Mixed,persona_core|storylet.invariants,C/D,registered,
persona_cards.C.zhangchen.WMAIN.constraints[],free_stage_card_weichu_aftermath.json,Mixed,persona_core|storylet.invariants,C/D,registered,
persona_cards.C.zhangchen.WMAIN.inner_state,free_stage_card_weichu_aftermath.json,Storylet,storylet.entry_affect,D,registered,
persona_cards.C.zhangchen.WMAIN.inner_state.knot,free_stage_card_weichu_aftermath.json,Storylet,storylet.entry_affect,D,registered,
persona_cards.C.zhangchen.WMAIN.inner_state.stance_to_player,free_stage_card_weichu_aftermath.json,Storylet,storylet.entry_affect,D,registered,
persona_cards.C.zhangchen.WMAIN.inner_state.unsaid,free_stage_card_weichu_aftermath.json,Storylet,storylet.entry_affect,D,registered,
persona_cards.C.zhangchen.WMAIN.inner_state.want_now,free_stage_card_weichu_aftermath.json,Storylet,storylet.entry_affect,D,registered,
persona_cards.C.zhangchen.WMAIN.name,free_stage_card_weichu_aftermath.json,Seed,archetypes/consciousnesses,A,registered,
persona_cards.C.zhangchen.WMAIN.phase_voice_profile,free_stage_card_weichu_aftermath.json,Mixed,see_leaf,?,registered,
persona_cards.C.zhangchen.WMAIN.phase_voice_profile.avoid_phrases,free_stage_card_weichu_aftermath.json,Mixed,see_leaf,?,registered,
persona_cards.C.zhangchen.WMAIN.phase_voice_profile.avoid_phrases[],free_stage_card_weichu_aftermath.json,Mixed,see_leaf,?,registered,
persona_cards.C.zhangchen.WMAIN.phase_voice_profile.canon_src,free_stage_card_weichu_aftermath.json,Mixed,see_leaf,?,registered,
persona_cards.C.zhangchen.WMAIN.phase_voice_profile.disclosure_limit,free_stage_card_weichu_aftermath.json,Mixed,see_leaf,?,registered,
persona_cards.C.zhangchen.WMAIN.phase_voice_profile.phase,free_stage_card_weichu_aftermath.json,Mixed,see_leaf,?,registered,
persona_cards.C.zhangchen.WMAIN.phase_voice_profile.positive_patterns,free_stage_card_weichu_aftermath.json,Mixed,see_leaf,?,registered,
persona_cards.C.zhangchen.WMAIN.phase_voice_profile.positive_patterns[],free_stage_card_weichu_aftermath.json,Mixed,see_leaf,?,registered,
persona_cards.C.zhangchen.WMAIN.phase_voice_profile.source_event,free_stage_card_weichu_aftermath.json,Mixed,see_leaf,?,registered,
persona_cards.C.zhangchen.WMAIN.voice_samples,free_stage_card_weichu_aftermath.json,Seed,persona_core,C,registered,
persona_cards.C.zhangchen.WMAIN.voice_samples[],free_stage_card_weichu_aftermath.json,Seed,persona_core,C,registered,
present,free_stage_card_weichu_aftermath.json,Storylet,node_contracts/meta,D,registered,
present[],free_stage_card_weichu_aftermath.json,Unclassified,TBD,?,registered,
scene,free_stage_card_weichu_aftermath.json,Storylet,node_contracts/meta,D,registered,
scene_frame,free_stage_card_weichu_aftermath.json,Storylet,node_contracts,D,registered,
scene_frame.when,free_stage_card_weichu_aftermath.json,Storylet,node_contracts,D,registered,
scene_frame.where,free_stage_card_weichu_aftermath.json,Storylet,node_contracts,D,registered,
scene_frame.为什么在这里,free_stage_card_weichu_aftermath.json,Storylet,node_contracts,D,registered,
scene_frame.关系,free_stage_card_weichu_aftermath.json,Storylet,node_contracts,D,registered,
scene_frame.此刻想要什么,free_stage_card_weichu_aftermath.json,Storylet,node_contracts,D,registered,
scene_id,free_stage_card_weichu_aftermath.json,Storylet,node_contracts/meta,D,registered,
scene_source_excerpt,free_stage_card_weichu_aftermath.json,Storylet,node_contracts,D,registered,
scene_source_excerpt._note,free_stage_card_weichu_aftermath.json,Storylet,node_contracts,D,registered,
scene_source_excerpt.回公司,free_stage_card_weichu_aftermath.json,Storylet,node_contracts,D,registered,
scene_source_excerpt.急救室,free_stage_card_weichu_aftermath.json,Storylet,node_contracts,D,registered,
blurb,free_stage_card_weichu_hire.json,Storylet,node_contracts,D,registered,
ch_anchor,free_stage_card_weichu_hire.json,Storylet,node_contracts/meta,D,registered,
clock,free_stage_card_weichu_hire.json,Storylet,node_contracts/meta,D,registered,
current_event_terms,free_stage_card_weichu_hire.json,Storylet,node_contracts,D,registered,
current_event_terms[],free_stage_card_weichu_hire.json,Storylet,node_contracts,D,registered,
director_beats,free_stage_card_weichu_hire.json,Storylet,node_contracts,D,registered,
director_beats[],free_stage_card_weichu_hire.json,Storylet,node_contracts,D,registered,
director_beats[].after,free_stage_card_weichu_hire.json,Unclassified,TBD,?,registered,
director_beats[].after[],free_stage_card_weichu_hire.json,Unclassified,TBD,?,registered,
director_beats[].id,free_stage_card_weichu_hire.json,Unclassified,TBD,?,registered,
director_beats[].role,free_stage_card_weichu_hire.json,Unclassified,TBD,?,registered,
director_beats[].text,free_stage_card_weichu_hire.json,Unclassified,TBD,?,registered,
director_only_characters,free_stage_card_weichu_hire.json,Storylet,node_contracts,D,registered,
entry_hook,free_stage_card_weichu_hire.json,Storylet,node_contracts,D,registered,
exits,free_stage_card_weichu_hire.json,Storylet,node_contracts,D,registered,
exits[],free_stage_card_weichu_hire.json,Storylet,node_contracts,D,registered,
exits[].bridge_hint,free_stage_card_weichu_hire.json,Unclassified,TBD,?,registered,
exits[].exit_state,free_stage_card_weichu_hire.json,Unclassified,TBD,?,registered,
exits[].target_card,free_stage_card_weichu_hire.json,Unclassified,TBD,?,registered,
exits[].trigger,free_stage_card_weichu_hire.json,Unclassified,TBD,?,registered,
intro_excerpt_order,free_stage_card_weichu_hire.json,Storylet,node_contracts,D,registered,
intro_excerpt_order[],free_stage_card_weichu_hire.json,Storylet,node_contracts,D,registered,
locks,free_stage_card_weichu_hire.json,Storylet,node_contracts,D,registered,
locks[],free_stage_card_weichu_hire.json,Storylet,node_contracts,D,registered,
memory_layers,free_stage_card_weichu_hire.json,Unclassified,TBD,?,registered,
memory_layers.context_memory,free_stage_card_weichu_hire.json,Mixed,slow_memory|run,C/D,registered,
memory_layers.context_memory[],free_stage_card_weichu_hire.json,Mixed,slow_memory|run,C/D,registered,
memory_layers.knowledge_gate,free_stage_card_weichu_hire.json,Seed,knowledge_schedule,A,registered,
memory_layers.knowledge_gate[],free_stage_card_weichu_hire.json,Seed,knowledge_schedule,A,registered,
memory_layers.relationship_memory,free_stage_card_weichu_hire.json,Mixed,REL|run,C/D,registered,
memory_layers.relationship_memory[],free_stage_card_weichu_hire.json,Mixed,REL|run,C/D,registered,
must_happen,free_stage_card_weichu_hire.json,Storylet,node_contracts,D,registered,
must_happen[],free_stage_card_weichu_hire.json,Storylet,node_contracts,D,registered,
must_happen[].desc,free_stage_card_weichu_hire.json,Unclassified,TBD,?,registered,
must_happen[].evidence,free_stage_card_weichu_hire.json,Unclassified,TBD,?,registered,
must_happen[].id,free_stage_card_weichu_hire.json,Unclassified,TBD,?,registered,
persona_cards,free_stage_card_weichu_hire.json,Unclassified,TBD,?,registered,
persona_cards.C.weichu.WMAIN,free_stage_card_weichu_hire.json,Mixed,see_leaf,?,registered,
persona_cards.C.weichu.WMAIN.boundaries,free_stage_card_weichu_hire.json,Seed,persona_core,C,registered,
persona_cards.C.weichu.WMAIN.boundaries.hard,free_stage_card_weichu_hire.json,Seed,persona_core,C,registered,
persona_cards.C.weichu.WMAIN.boundaries.hard[],free_stage_card_weichu_hire.json,Seed,persona_core,C,registered,
persona_cards.C.weichu.WMAIN.boundaries.soft,free_stage_card_weichu_hire.json,Seed,persona_core,C,registered,
persona_cards.C.weichu.WMAIN.boundaries.soft[],free_stage_card_weichu_hire.json,Seed,persona_core,C,registered,
persona_cards.C.weichu.WMAIN.boundaries.style,free_stage_card_weichu_hire.json,Seed,persona_core,C,registered,
persona_cards.C.weichu.WMAIN.boundaries.voice_samples,free_stage_card_weichu_hire.json,Seed,persona_core,C,registered,
persona_cards.C.weichu.WMAIN.boundaries.voice_samples[],free_stage_card_weichu_hire.json,Seed,persona_core,C,registered,
persona_cards.C.weichu.WMAIN.constraints,free_stage_card_weichu_hire.json,Mixed,persona_core|storylet.invariants,C/D,registered,
persona_cards.C.weichu.WMAIN.constraints[],free_stage_card_weichu_hire.json,Mixed,persona_core|storylet.invariants,C/D,registered,
persona_cards.C.weichu.WMAIN.inner_state,free_stage_card_weichu_hire.json,Storylet,storylet.entry_affect,D,registered,
persona_cards.C.weichu.WMAIN.inner_state.knot,free_stage_card_weichu_hire.json,Storylet,storylet.entry_affect,D,registered,
persona_cards.C.weichu.WMAIN.inner_state.stance_to_player,free_stage_card_weichu_hire.json,Storylet,storylet.entry_affect,D,registered,
persona_cards.C.weichu.WMAIN.inner_state.unsaid,free_stage_card_weichu_hire.json,Storylet,storylet.entry_affect,D,registered,
persona_cards.C.weichu.WMAIN.inner_state.want_now,free_stage_card_weichu_hire.json,Storylet,storylet.entry_affect,D,registered,
persona_cards.C.weichu.WMAIN.name,free_stage_card_weichu_hire.json,Seed,archetypes/consciousnesses,A,registered,
persona_cards.C.weichu.WMAIN.voice_samples,free_stage_card_weichu_hire.json,Seed,persona_core,C,registered,
persona_cards.C.weichu.WMAIN.voice_samples[],free_stage_card_weichu_hire.json,Seed,persona_core,C,registered,
persona_cards.C.weichu.WMAIN.voice_samples[].provenance,free_stage_card_weichu_hire.json,Mixed,see_leaf,?,registered,
persona_cards.C.weichu.WMAIN.voice_samples[].provenance.adaptation_kind,free_stage_card_weichu_hire.json,Mixed,see_leaf,?,registered,
persona_cards.C.weichu.WMAIN.voice_samples[].provenance.canon_src,free_stage_card_weichu_hire.json,Mixed,see_leaf,?,registered,
persona_cards.C.weichu.WMAIN.voice_samples[].provenance.confidence,free_stage_card_weichu_hire.json,Mixed,see_leaf,?,registered,
persona_cards.C.weichu.WMAIN.voice_samples[].provenance.event_uid,free_stage_card_weichu_hire.json,Mixed,see_leaf,?,registered,
persona_cards.C.weichu.WMAIN.voice_samples[].provenance.source_ch,free_stage_card_weichu_hire.json,Mixed,see_leaf,?,registered,
persona_cards.C.weichu.WMAIN.voice_samples[].provenance.source_kind,free_stage_card_weichu_hire.json,Mixed,see_leaf,?,registered,
persona_cards.C.weichu.WMAIN.voice_samples[].provenance.speaker_cons,free_stage_card_weichu_hire.json,Mixed,see_leaf,?,registered,
persona_cards.C.weichu.WMAIN.voice_samples[].text,free_stage_card_weichu_hire.json,Mixed,see_leaf,?,registered,
persona_cards.C.zhangchen.WMAIN,free_stage_card_weichu_hire.json,Mixed,see_leaf,?,registered,
persona_cards.C.zhangchen.WMAIN.boundaries,free_stage_card_weichu_hire.json,Seed,persona_core,C,registered,
persona_cards.C.zhangchen.WMAIN.boundaries.hard,free_stage_card_weichu_hire.json,Seed,persona_core,C,registered,
persona_cards.C.zhangchen.WMAIN.boundaries.hard[],free_stage_card_weichu_hire.json,Seed,persona_core,C,registered,
persona_cards.C.zhangchen.WMAIN.boundaries.soft,free_stage_card_weichu_hire.json,Seed,persona_core,C,registered,
persona_cards.C.zhangchen.WMAIN.boundaries.soft[],free_stage_card_weichu_hire.json,Seed,persona_core,C,registered,
persona_cards.C.zhangchen.WMAIN.boundaries.style,free_stage_card_weichu_hire.json,Seed,persona_core,C,registered,
persona_cards.C.zhangchen.WMAIN.boundaries.voice_samples,free_stage_card_weichu_hire.json,Seed,persona_core,C,registered,
persona_cards.C.zhangchen.WMAIN.boundaries.voice_samples[],free_stage_card_weichu_hire.json,Seed,persona_core,C,registered,
persona_cards.C.zhangchen.WMAIN.constraints,free_stage_card_weichu_hire.json,Mixed,persona_core|storylet.invariants,C/D,registered,
persona_cards.C.zhangchen.WMAIN.constraints[],free_stage_card_weichu_hire.json,Mixed,persona_core|storylet.invariants,C/D,registered,
persona_cards.C.zhangchen.WMAIN.inner_state,free_stage_card_weichu_hire.json,Storylet,storylet.entry_affect,D,registered,
persona_cards.C.zhangchen.WMAIN.inner_state.knot,free_stage_card_weichu_hire.json,Storylet,storylet.entry_affect,D,registered,
persona_cards.C.zhangchen.WMAIN.inner_state.stance_to_player,free_stage_card_weichu_hire.json,Storylet,storylet.entry_affect,D,registered,
persona_cards.C.zhangchen.WMAIN.inner_state.unsaid,free_stage_card_weichu_hire.json,Storylet,storylet.entry_affect,D,registered,
persona_cards.C.zhangchen.WMAIN.inner_state.want_now,free_stage_card_weichu_hire.json,Storylet,storylet.entry_affect,D,registered,
persona_cards.C.zhangchen.WMAIN.name,free_stage_card_weichu_hire.json,Seed,archetypes/consciousnesses,A,registered,
persona_cards.C.zhangchen.WMAIN.phase_voice_profile,free_stage_card_weichu_hire.json,Mixed,see_leaf,?,registered,
persona_cards.C.zhangchen.WMAIN.phase_voice_profile.avoid_phrases,free_stage_card_weichu_hire.json,Mixed,see_leaf,?,registered,
persona_cards.C.zhangchen.WMAIN.phase_voice_profile.avoid_phrases[],free_stage_card_weichu_hire.json,Mixed,see_leaf,?,registered,
persona_cards.C.zhangchen.WMAIN.phase_voice_profile.canon_src,free_stage_card_weichu_hire.json,Mixed,see_leaf,?,registered,
persona_cards.C.zhangchen.WMAIN.phase_voice_profile.disclosure_limit,free_stage_card_weichu_hire.json,Mixed,see_leaf,?,registered,
persona_cards.C.zhangchen.WMAIN.phase_voice_profile.phase,free_stage_card_weichu_hire.json,Mixed,see_leaf,?,registered,
persona_cards.C.zhangchen.WMAIN.phase_voice_profile.positive_patterns,free_stage_card_weichu_hire.json,Mixed,see_leaf,?,registered,
persona_cards.C.zhangchen.WMAIN.phase_voice_profile.positive_patterns[],free_stage_card_weichu_hire.json,Mixed,see_leaf,?,registered,
persona_cards.C.zhangchen.WMAIN.phase_voice_profile.source_event,free_stage_card_weichu_hire.json,Mixed,see_leaf,?,registered,
persona_cards.C.zhangchen.WMAIN.voice_samples,free_stage_card_weichu_hire.json,Seed,persona_core,C,registered,
persona_cards.C.zhangchen.WMAIN.voice_samples[],free_stage_card_weichu_hire.json,Seed,persona_core,C,registered,
persona_cards.C.zhangchen.WMAIN.voice_samples[].provenance,free_stage_card_weichu_hire.json,Mixed,see_leaf,?,registered,
persona_cards.C.zhangchen.WMAIN.voice_samples[].provenance.adaptation_kind,free_stage_card_weichu_hire.json,Mixed,see_leaf,?,registered,
persona_cards.C.zhangchen.WMAIN.voice_samples[].provenance.canon_src,free_stage_card_weichu_hire.json,Mixed,see_leaf,?,registered,
persona_cards.C.zhangchen.WMAIN.voice_samples[].provenance.confidence,free_stage_card_weichu_hire.json,Mixed,see_leaf,?,registered,
persona_cards.C.zhangchen.WMAIN.voice_samples[].provenance.event_uid,free_stage_card_weichu_hire.json,Mixed,see_leaf,?,registered,
persona_cards.C.zhangchen.WMAIN.voice_samples[].provenance.source_ch,free_stage_card_weichu_hire.json,Mixed,see_leaf,?,registered,
persona_cards.C.zhangchen.WMAIN.voice_samples[].provenance.source_kind,free_stage_card_weichu_hire.json,Mixed,see_leaf,?,registered,
persona_cards.C.zhangchen.WMAIN.voice_samples[].provenance.speaker_cons,free_stage_card_weichu_hire.json,Mixed,see_leaf,?,registered,
persona_cards.C.zhangchen.WMAIN.voice_samples[].text,free_stage_card_weichu_hire.json,Mixed,see_leaf,?,registered,
present,free_stage_card_weichu_hire.json,Storylet,node_contracts/meta,D,registered,
present[],free_stage_card_weichu_hire.json,Unclassified,TBD,?,registered,
scene,free_stage_card_weichu_hire.json,Storylet,node_contracts/meta,D,registered,
scene_frame,free_stage_card_weichu_hire.json,Storylet,node_contracts,D,registered,
scene_frame.when,free_stage_card_weichu_hire.json,Storylet,node_contracts,D,registered,
scene_frame.where,free_stage_card_weichu_hire.json,Storylet,node_contracts,D,registered,
scene_frame.为什么在这里,free_stage_card_weichu_hire.json,Storylet,node_contracts,D,registered,
scene_frame.关系,free_stage_card_weichu_hire.json,Storylet,node_contracts,D,registered,
scene_frame.此刻想要什么,free_stage_card_weichu_hire.json,Storylet,node_contracts,D,registered,
scene_id,free_stage_card_weichu_hire.json,Storylet,node_contracts/meta,D,registered,
scene_source_excerpt,free_stage_card_weichu_hire.json,Storylet,node_contracts,D,registered,
scene_source_excerpt._note,free_stage_card_weichu_hire.json,Storylet,node_contracts,D,registered,
scene_source_excerpt.催稿,free_stage_card_weichu_hire.json,Storylet,node_contracts,D,registered,
scene_source_excerpt.锁定,free_stage_card_weichu_hire.json,Storylet,node_contracts,D,registered,
blurb,free_stage_card_weichu_office_dare.json,Storylet,node_contracts,D,registered,
ch_anchor,free_stage_card_weichu_office_dare.json,Storylet,node_contracts/meta,D,registered,
clock,free_stage_card_weichu_office_dare.json,Storylet,node_contracts/meta,D,registered,
current_event_terms,free_stage_card_weichu_office_dare.json,Storylet,node_contracts,D,registered,
current_event_terms[],free_stage_card_weichu_office_dare.json,Storylet,node_contracts,D,registered,
director_only_characters,free_stage_card_weichu_office_dare.json,Storylet,node_contracts,D,registered,
director_only_characters[],free_stage_card_weichu_office_dare.json,Storylet,node_contracts,D,registered,
entry_hook,free_stage_card_weichu_office_dare.json,Storylet,node_contracts,D,registered,
exits,free_stage_card_weichu_office_dare.json,Storylet,node_contracts,D,registered,
exits[],free_stage_card_weichu_office_dare.json,Storylet,node_contracts,D,registered,
exits[].bridge_hint,free_stage_card_weichu_office_dare.json,Unclassified,TBD,?,registered,
exits[].exit_state,free_stage_card_weichu_office_dare.json,Unclassified,TBD,?,registered,
exits[].target_card,free_stage_card_weichu_office_dare.json,Unclassified,TBD,?,registered,
exits[].trigger,free_stage_card_weichu_office_dare.json,Unclassified,TBD,?,registered,
locks,free_stage_card_weichu_office_dare.json,Storylet,node_contracts,D,registered,
locks[],free_stage_card_weichu_office_dare.json,Storylet,node_contracts,D,registered,
memory_layers,free_stage_card_weichu_office_dare.json,Unclassified,TBD,?,registered,
memory_layers.context_memory,free_stage_card_weichu_office_dare.json,Mixed,slow_memory|run,C/D,registered,
memory_layers.context_memory[],free_stage_card_weichu_office_dare.json,Mixed,slow_memory|run,C/D,registered,
memory_layers.knowledge_gate,free_stage_card_weichu_office_dare.json,Seed,knowledge_schedule,A,registered,
memory_layers.knowledge_gate[],free_stage_card_weichu_office_dare.json,Seed,knowledge_schedule,A,registered,
memory_layers.relationship_memory,free_stage_card_weichu_office_dare.json,Mixed,REL|run,C/D,registered,
memory_layers.relationship_memory[],free_stage_card_weichu_office_dare.json,Mixed,REL|run,C/D,registered,
must_happen,free_stage_card_weichu_office_dare.json,Storylet,node_contracts,D,registered,
must_happen[],free_stage_card_weichu_office_dare.json,Storylet,node_contracts,D,registered,
must_happen[].desc,free_stage_card_weichu_office_dare.json,Unclassified,TBD,?,registered,
must_happen[].evidence,free_stage_card_weichu_office_dare.json,Unclassified,TBD,?,registered,
must_happen[].id,free_stage_card_weichu_office_dare.json,Unclassified,TBD,?,registered,
persona_cards,free_stage_card_weichu_office_dare.json,Unclassified,TBD,?,registered,
persona_cards.C.weichu.WMAIN,free_stage_card_weichu_office_dare.json,Mixed,see_leaf,?,registered,
persona_cards.C.weichu.WMAIN.boundaries,free_stage_card_weichu_office_dare.json,Seed,persona_core,C,registered,
persona_cards.C.weichu.WMAIN.boundaries.hard,free_stage_card_weichu_office_dare.json,Seed,persona_core,C,registered,
persona_cards.C.weichu.WMAIN.boundaries.hard[],free_stage_card_weichu_office_dare.json,Seed,persona_core,C,registered,
persona_cards.C.weichu.WMAIN.boundaries.soft,free_stage_card_weichu_office_dare.json,Seed,persona_core,C,registered,
persona_cards.C.weichu.WMAIN.boundaries.soft[],free_stage_card_weichu_office_dare.json,Seed,persona_core,C,registered,
persona_cards.C.weichu.WMAIN.boundaries.style,free_stage_card_weichu_office_dare.json,Seed,persona_core,C,registered,
persona_cards.C.weichu.WMAIN.boundaries.voice_samples,free_stage_card_weichu_office_dare.json,Seed,persona_core,C,registered,
persona_cards.C.weichu.WMAIN.boundaries.voice_samples[],free_stage_card_weichu_office_dare.json,Seed,persona_core,C,registered,
persona_cards.C.weichu.WMAIN.constraints,free_stage_card_weichu_office_dare.json,Mixed,persona_core|storylet.invariants,C/D,registered,
persona_cards.C.weichu.WMAIN.constraints[],free_stage_card_weichu_office_dare.json,Mixed,persona_core|storylet.invariants,C/D,registered,
persona_cards.C.weichu.WMAIN.inner_state,free_stage_card_weichu_office_dare.json,Storylet,storylet.entry_affect,D,registered,
persona_cards.C.weichu.WMAIN.inner_state.knot,free_stage_card_weichu_office_dare.json,Storylet,storylet.entry_affect,D,registered,
persona_cards.C.weichu.WMAIN.inner_state.stance_to_player,free_stage_card_weichu_office_dare.json,Storylet,storylet.entry_affect,D,registered,
persona_cards.C.weichu.WMAIN.inner_state.unsaid,free_stage_card_weichu_office_dare.json,Storylet,storylet.entry_affect,D,registered,
persona_cards.C.weichu.WMAIN.inner_state.want_now,free_stage_card_weichu_office_dare.json,Storylet,storylet.entry_affect,D,registered,
persona_cards.C.weichu.WMAIN.name,free_stage_card_weichu_office_dare.json,Seed,archetypes/consciousnesses,A,registered,
persona_cards.C.weichu.WMAIN.voice_samples,free_stage_card_weichu_office_dare.json,Seed,persona_core,C,registered,
persona_cards.C.weichu.WMAIN.voice_samples[],free_stage_card_weichu_office_dare.json,Seed,persona_core,C,registered,
persona_cards.C.zhangchen.WMAIN,free_stage_card_weichu_office_dare.json,Mixed,see_leaf,?,registered,
persona_cards.C.zhangchen.WMAIN.boundaries,free_stage_card_weichu_office_dare.json,Seed,persona_core,C,registered,
persona_cards.C.zhangchen.WMAIN.boundaries.hard,free_stage_card_weichu_office_dare.json,Seed,persona_core,C,registered,
persona_cards.C.zhangchen.WMAIN.boundaries.hard[],free_stage_card_weichu_office_dare.json,Seed,persona_core,C,registered,
persona_cards.C.zhangchen.WMAIN.boundaries.soft,free_stage_card_weichu_office_dare.json,Seed,persona_core,C,registered,
persona_cards.C.zhangchen.WMAIN.boundaries.soft[],free_stage_card_weichu_office_dare.json,Seed,persona_core,C,registered,
persona_cards.C.zhangchen.WMAIN.boundaries.style,free_stage_card_weichu_office_dare.json,Seed,persona_core,C,registered,
persona_cards.C.zhangchen.WMAIN.boundaries.voice_samples,free_stage_card_weichu_office_dare.json,Seed,persona_core,C,registered,
persona_cards.C.zhangchen.WMAIN.boundaries.voice_samples[],free_stage_card_weichu_office_dare.json,Seed,persona_core,C,registered,
persona_cards.C.zhangchen.WMAIN.constraints,free_stage_card_weichu_office_dare.json,Mixed,persona_core|storylet.invariants,C/D,registered,
persona_cards.C.zhangchen.WMAIN.constraints[],free_stage_card_weichu_office_dare.json,Mixed,persona_core|storylet.invariants,C/D,registered,
persona_cards.C.zhangchen.WMAIN.inner_state,free_stage_card_weichu_office_dare.json,Storylet,storylet.entry_affect,D,registered,
persona_cards.C.zhangchen.WMAIN.inner_state.knot,free_stage_card_weichu_office_dare.json,Storylet,storylet.entry_affect,D,registered,
persona_cards.C.zhangchen.WMAIN.inner_state.stance_to_player,free_stage_card_weichu_office_dare.json,Storylet,storylet.entry_affect,D,registered,
persona_cards.C.zhangchen.WMAIN.inner_state.unsaid,free_stage_card_weichu_office_dare.json,Storylet,storylet.entry_affect,D,registered,
persona_cards.C.zhangchen.WMAIN.inner_state.want_now,free_stage_card_weichu_office_dare.json,Storylet,storylet.entry_affect,D,registered,
persona_cards.C.zhangchen.WMAIN.name,free_stage_card_weichu_office_dare.json,Seed,archetypes/consciousnesses,A,registered,
persona_cards.C.zhangchen.WMAIN.phase_voice_profile,free_stage_card_weichu_office_dare.json,Mixed,see_leaf,?,registered,
persona_cards.C.zhangchen.WMAIN.phase_voice_profile.avoid_phrases,free_stage_card_weichu_office_dare.json,Mixed,see_leaf,?,registered,
persona_cards.C.zhangchen.WMAIN.phase_voice_profile.avoid_phrases[],free_stage_card_weichu_office_dare.json,Mixed,see_leaf,?,registered,
persona_cards.C.zhangchen.WMAIN.phase_voice_profile.canon_src,free_stage_card_weichu_office_dare.json,Mixed,see_leaf,?,registered,
persona_cards.C.zhangchen.WMAIN.phase_voice_profile.disclosure_limit,free_stage_card_weichu_office_dare.json,Mixed,see_leaf,?,registered,
persona_cards.C.zhangchen.WMAIN.phase_voice_profile.phase,free_stage_card_weichu_office_dare.json,Mixed,see_leaf,?,registered,
persona_cards.C.zhangchen.WMAIN.phase_voice_profile.positive_patterns,free_stage_card_weichu_office_dare.json,Mixed,see_leaf,?,registered,
persona_cards.C.zhangchen.WMAIN.phase_voice_profile.positive_patterns[],free_stage_card_weichu_office_dare.json,Mixed,see_leaf,?,registered,
persona_cards.C.zhangchen.WMAIN.phase_voice_profile.source_event,free_stage_card_weichu_office_dare.json,Mixed,see_leaf,?,registered,
persona_cards.C.zhangchen.WMAIN.voice_samples,free_stage_card_weichu_office_dare.json,Seed,persona_core,C,registered,
persona_cards.C.zhangchen.WMAIN.voice_samples[],free_stage_card_weichu_office_dare.json,Seed,persona_core,C,registered,
present,free_stage_card_weichu_office_dare.json,Storylet,node_contracts/meta,D,registered,
present[],free_stage_card_weichu_office_dare.json,Unclassified,TBD,?,registered,
scene,free_stage_card_weichu_office_dare.json,Storylet,node_contracts/meta,D,registered,
scene_frame,free_stage_card_weichu_office_dare.json,Storylet,node_contracts,D,registered,
scene_frame.when,free_stage_card_weichu_office_dare.json,Storylet,node_contracts,D,registered,
scene_frame.where,free_stage_card_weichu_office_dare.json,Storylet,node_contracts,D,registered,
scene_frame.为什么在这里,free_stage_card_weichu_office_dare.json,Storylet,node_contracts,D,registered,
scene_frame.关系,free_stage_card_weichu_office_dare.json,Storylet,node_contracts,D,registered,
scene_frame.此刻想要什么,free_stage_card_weichu_office_dare.json,Storylet,node_contracts,D,registered,
scene_id,free_stage_card_weichu_office_dare.json,Storylet,node_contracts/meta,D,registered,
scene_source_excerpt,free_stage_card_weichu_office_dare.json,Storylet,node_contracts,D,registered,
scene_source_excerpt._note,free_stage_card_weichu_office_dare.json,Storylet,node_contracts,D,registered,
scene_source_excerpt.大冒险,free_stage_card_weichu_office_dare.json,Storylet,node_contracts,D,registered,
scene_source_excerpt.早餐,free_stage_card_weichu_office_dare.json,Storylet,node_contracts,D,registered,
scene_source_excerpt.签试用,free_stage_card_weichu_office_dare.json,Storylet,node_contracts,D,registered,
scene_source_excerpt.问周董,free_stage_card_weichu_office_dare.json,Storylet,node_contracts,D,registered,
_frame_id,free_stage_card_zhongxin_hospital_16zhong.json,Unclassified,TBD,?,registered,
_projection_note,free_stage_card_zhongxin_hospital_16zhong.json,Unclassified,TBD,?,registered,
_projection_of,free_stage_card_zhongxin_hospital_16zhong.json,Unclassified,TBD,?,registered,
_view,free_stage_card_zhongxin_hospital_16zhong.json,Unclassified,TBD,?,registered,
ambient_stage,free_stage_card_zhongxin_hospital_16zhong.json,Storylet,node_contracts,D,registered,
ambient_stage.急诊大厅,free_stage_card_zhongxin_hospital_16zhong.json,Storylet,node_contracts,D,registered,
ambient_stage.手术室外,free_stage_card_zhongxin_hospital_16zhong.json,Storylet,node_contracts,D,registered,
ambient_stage.电梯间,free_stage_card_zhongxin_hospital_16zhong.json,Storylet,node_contracts,D,registered,
blurb,free_stage_card_zhongxin_hospital_16zhong.json,Storylet,node_contracts,D,registered,
ch_anchor,free_stage_card_zhongxin_hospital_16zhong.json,Storylet,node_contracts/meta,D,registered,
ch_span,free_stage_card_zhongxin_hospital_16zhong.json,Unclassified,TBD,?,registered,
ch_span[],free_stage_card_zhongxin_hospital_16zhong.json,Unclassified,TBD,?,registered,
clock,free_stage_card_zhongxin_hospital_16zhong.json,Storylet,node_contracts/meta,D,registered,
current_event_terms,free_stage_card_zhongxin_hospital_16zhong.json,Storylet,node_contracts,D,registered,
current_event_terms[],free_stage_card_zhongxin_hospital_16zhong.json,Storylet,node_contracts,D,registered,
director_only_characters,free_stage_card_zhongxin_hospital_16zhong.json,Storylet,node_contracts,D,registered,
director_only_characters[],free_stage_card_zhongxin_hospital_16zhong.json,Storylet,node_contracts,D,registered,
entry_hook,free_stage_card_zhongxin_hospital_16zhong.json,Storylet,node_contracts,D,registered,
exits,free_stage_card_zhongxin_hospital_16zhong.json,Storylet,node_contracts,D,registered,
exits[],free_stage_card_zhongxin_hospital_16zhong.json,Storylet,node_contracts,D,registered,
exits[].bridge_hint,free_stage_card_zhongxin_hospital_16zhong.json,Unclassified,TBD,?,registered,
exits[].exit_state,free_stage_card_zhongxin_hospital_16zhong.json,Unclassified,TBD,?,registered,
exits[].target_card,free_stage_card_zhongxin_hospital_16zhong.json,Unclassified,TBD,?,registered,
exits[].trigger,free_stage_card_zhongxin_hospital_16zhong.json,Unclassified,TBD,?,registered,
locks,free_stage_card_zhongxin_hospital_16zhong.json,Storylet,node_contracts,D,registered,
locks[],free_stage_card_zhongxin_hospital_16zhong.json,Storylet,node_contracts,D,registered,
memory_layers,free_stage_card_zhongxin_hospital_16zhong.json,Unclassified,TBD,?,registered,
memory_layers.context_memory,free_stage_card_zhongxin_hospital_16zhong.json,Mixed,slow_memory|run,C/D,registered,
memory_layers.context_memory[],free_stage_card_zhongxin_hospital_16zhong.json,Mixed,slow_memory|run,C/D,registered,
memory_layers.knowledge_gate,free_stage_card_zhongxin_hospital_16zhong.json,Seed,knowledge_schedule,A,registered,
memory_layers.knowledge_gate[],free_stage_card_zhongxin_hospital_16zhong.json,Seed,knowledge_schedule,A,registered,
memory_layers.relationship_memory,free_stage_card_zhongxin_hospital_16zhong.json,Mixed,REL|run,C/D,registered,
memory_layers.relationship_memory[],free_stage_card_zhongxin_hospital_16zhong.json,Mixed,REL|run,C/D,registered,
must_happen,free_stage_card_zhongxin_hospital_16zhong.json,Storylet,node_contracts,D,registered,
must_happen[],free_stage_card_zhongxin_hospital_16zhong.json,Storylet,node_contracts,D,registered,
must_happen[].desc,free_stage_card_zhongxin_hospital_16zhong.json,Unclassified,TBD,?,registered,
must_happen[].evidence,free_stage_card_zhongxin_hospital_16zhong.json,Unclassified,TBD,?,registered,
must_happen[].frame_beat,free_stage_card_zhongxin_hospital_16zhong.json,Unclassified,TBD,?,registered,
must_happen[].frame_beat[],free_stage_card_zhongxin_hospital_16zhong.json,Unclassified,TBD,?,registered,
must_happen[].id,free_stage_card_zhongxin_hospital_16zhong.json,Unclassified,TBD,?,registered,
persona_cards,free_stage_card_zhongxin_hospital_16zhong.json,Unclassified,TBD,?,registered,
persona_cards.C.banbo.WMAIN,free_stage_card_zhongxin_hospital_16zhong.json,Mixed,see_leaf,?,registered,
persona_cards.C.banbo.WMAIN.boundaries,free_stage_card_zhongxin_hospital_16zhong.json,Seed,persona_core,C,registered,
persona_cards.C.banbo.WMAIN.boundaries.hard,free_stage_card_zhongxin_hospital_16zhong.json,Seed,persona_core,C,registered,
persona_cards.C.banbo.WMAIN.boundaries.soft,free_stage_card_zhongxin_hospital_16zhong.json,Seed,persona_core,C,registered,
persona_cards.C.banbo.WMAIN.boundaries.soft[],free_stage_card_zhongxin_hospital_16zhong.json,Seed,persona_core,C,registered,
persona_cards.C.banbo.WMAIN.boundaries.style,free_stage_card_zhongxin_hospital_16zhong.json,Seed,persona_core,C,registered,
persona_cards.C.banbo.WMAIN.boundaries.voice_samples,free_stage_card_zhongxin_hospital_16zhong.json,Seed,persona_core,C,registered,
persona_cards.C.banbo.WMAIN.boundaries.voice_samples[],free_stage_card_zhongxin_hospital_16zhong.json,Seed,persona_core,C,registered,
persona_cards.C.banbo.WMAIN.constraints,free_stage_card_zhongxin_hospital_16zhong.json,Mixed,persona_core|storylet.invariants,C/D,registered,
persona_cards.C.banbo.WMAIN.constraints[],free_stage_card_zhongxin_hospital_16zhong.json,Mixed,persona_core|storylet.invariants,C/D,registered,
persona_cards.C.banbo.WMAIN.inner_state,free_stage_card_zhongxin_hospital_16zhong.json,Storylet,storylet.entry_affect,D,registered,
persona_cards.C.banbo.WMAIN.inner_state.knot,free_stage_card_zhongxin_hospital_16zhong.json,Storylet,storylet.entry_affect,D,registered,
persona_cards.C.banbo.WMAIN.inner_state.stance_to_player,free_stage_card_zhongxin_hospital_16zhong.json,Storylet,storylet.entry_affect,D,registered,
persona_cards.C.banbo.WMAIN.inner_state.unsaid,free_stage_card_zhongxin_hospital_16zhong.json,Storylet,storylet.entry_affect,D,registered,
persona_cards.C.banbo.WMAIN.inner_state.want_now,free_stage_card_zhongxin_hospital_16zhong.json,Storylet,storylet.entry_affect,D,registered,
persona_cards.C.banbo.WMAIN.name,free_stage_card_zhongxin_hospital_16zhong.json,Seed,archetypes/consciousnesses,A,registered,
persona_cards.C.banbo.WMAIN.voice_samples,free_stage_card_zhongxin_hospital_16zhong.json,Seed,persona_core,C,registered,
persona_cards.C.banbo.WMAIN.voice_samples[],free_stage_card_zhongxin_hospital_16zhong.json,Seed,persona_core,C,registered,
persona_cards.C.pan_father.WMAIN,free_stage_card_zhongxin_hospital_16zhong.json,Mixed,see_leaf,?,registered,
persona_cards.C.pan_father.WMAIN.boundaries,free_stage_card_zhongxin_hospital_16zhong.json,Seed,persona_core,C,registered,
persona_cards.C.pan_father.WMAIN.boundaries.hard,free_stage_card_zhongxin_hospital_16zhong.json,Seed,persona_core,C,registered,
persona_cards.C.pan_father.WMAIN.boundaries.soft,free_stage_card_zhongxin_hospital_16zhong.json,Seed,persona_core,C,registered,
persona_cards.C.pan_father.WMAIN.boundaries.soft[],free_stage_card_zhongxin_hospital_16zhong.json,Seed,persona_core,C,registered,
persona_cards.C.pan_father.WMAIN.boundaries.style,free_stage_card_zhongxin_hospital_16zhong.json,Seed,persona_core,C,registered,
persona_cards.C.pan_father.WMAIN.boundaries.voice_samples,free_stage_card_zhongxin_hospital_16zhong.json,Seed,persona_core,C,registered,
persona_cards.C.pan_father.WMAIN.boundaries.voice_samples[],free_stage_card_zhongxin_hospital_16zhong.json,Seed,persona_core,C,registered,
persona_cards.C.pan_father.WMAIN.constraints,free_stage_card_zhongxin_hospital_16zhong.json,Mixed,persona_core|storylet.invariants,C/D,registered,
persona_cards.C.pan_father.WMAIN.constraints[],free_stage_card_zhongxin_hospital_16zhong.json,Mixed,persona_core|storylet.invariants,C/D,registered,
persona_cards.C.pan_father.WMAIN.inner_state,free_stage_card_zhongxin_hospital_16zhong.json,Storylet,storylet.entry_affect,D,registered,
persona_cards.C.pan_father.WMAIN.inner_state.knot,free_stage_card_zhongxin_hospital_16zhong.json,Storylet,storylet.entry_affect,D,registered,
persona_cards.C.pan_father.WMAIN.inner_state.stance_to_player,free_stage_card_zhongxin_hospital_16zhong.json,Storylet,storylet.entry_affect,D,registered,
persona_cards.C.pan_father.WMAIN.inner_state.unsaid,free_stage_card_zhongxin_hospital_16zhong.json,Storylet,storylet.entry_affect,D,registered,
persona_cards.C.pan_father.WMAIN.inner_state.want_now,free_stage_card_zhongxin_hospital_16zhong.json,Storylet,storylet.entry_affect,D,registered,
persona_cards.C.pan_father.WMAIN.name,free_stage_card_zhongxin_hospital_16zhong.json,Seed,archetypes/consciousnesses,A,registered,
persona_cards.C.pan_father.WMAIN.voice_samples,free_stage_card_zhongxin_hospital_16zhong.json,Seed,persona_core,C,registered,
persona_cards.C.pan_father.WMAIN.voice_samples[],free_stage_card_zhongxin_hospital_16zhong.json,Seed,persona_core,C,registered,
persona_cards.C.pan_mother.WMAIN,free_stage_card_zhongxin_hospital_16zhong.json,Mixed,see_leaf,?,registered,
persona_cards.C.pan_mother.WMAIN.boundaries,free_stage_card_zhongxin_hospital_16zhong.json,Seed,persona_core,C,registered,
persona_cards.C.pan_mother.WMAIN.boundaries.hard,free_stage_card_zhongxin_hospital_16zhong.json,Seed,persona_core,C,registered,
persona_cards.C.pan_mother.WMAIN.boundaries.soft,free_stage_card_zhongxin_hospital_16zhong.json,Seed,persona_core,C,registered,
persona_cards.C.pan_mother.WMAIN.boundaries.soft[],free_stage_card_zhongxin_hospital_16zhong.json,Seed,persona_core,C,registered,
persona_cards.C.pan_mother.WMAIN.boundaries.style,free_stage_card_zhongxin_hospital_16zhong.json,Seed,persona_core,C,registered,
persona_cards.C.pan_mother.WMAIN.boundaries.voice_samples,free_stage_card_zhongxin_hospital_16zhong.json,Seed,persona_core,C,registered,
persona_cards.C.pan_mother.WMAIN.boundaries.voice_samples[],free_stage_card_zhongxin_hospital_16zhong.json,Seed,persona_core,C,registered,
persona_cards.C.pan_mother.WMAIN.constraints,free_stage_card_zhongxin_hospital_16zhong.json,Mixed,persona_core|storylet.invariants,C/D,registered,
persona_cards.C.pan_mother.WMAIN.constraints[],free_stage_card_zhongxin_hospital_16zhong.json,Mixed,persona_core|storylet.invariants,C/D,registered,
persona_cards.C.pan_mother.WMAIN.inner_state,free_stage_card_zhongxin_hospital_16zhong.json,Storylet,storylet.entry_affect,D,registered,
persona_cards.C.pan_mother.WMAIN.inner_state.knot,free_stage_card_zhongxin_hospital_16zhong.json,Storylet,storylet.entry_affect,D,registered,
persona_cards.C.pan_mother.WMAIN.inner_state.stance_to_player,free_stage_card_zhongxin_hospital_16zhong.json,Storylet,storylet.entry_affect,D,registered,
persona_cards.C.pan_mother.WMAIN.inner_state.unsaid,free_stage_card_zhongxin_hospital_16zhong.json,Storylet,storylet.entry_affect,D,registered,
persona_cards.C.pan_mother.WMAIN.inner_state.want_now,free_stage_card_zhongxin_hospital_16zhong.json,Storylet,storylet.entry_affect,D,registered,
persona_cards.C.pan_mother.WMAIN.name,free_stage_card_zhongxin_hospital_16zhong.json,Seed,archetypes/consciousnesses,A,registered,
persona_cards.C.pan_mother.WMAIN.voice_samples,free_stage_card_zhongxin_hospital_16zhong.json,Seed,persona_core,C,registered,
persona_cards.C.pan_mother.WMAIN.voice_samples[],free_stage_card_zhongxin_hospital_16zhong.json,Seed,persona_core,C,registered,
persona_cards.C.yuxuan.WMAIN,free_stage_card_zhongxin_hospital_16zhong.json,Mixed,see_leaf,?,registered,
persona_cards.C.yuxuan.WMAIN.boundaries,free_stage_card_zhongxin_hospital_16zhong.json,Seed,persona_core,C,registered,
persona_cards.C.yuxuan.WMAIN.boundaries.hard,free_stage_card_zhongxin_hospital_16zhong.json,Seed,persona_core,C,registered,
persona_cards.C.yuxuan.WMAIN.boundaries.soft,free_stage_card_zhongxin_hospital_16zhong.json,Seed,persona_core,C,registered,
persona_cards.C.yuxuan.WMAIN.boundaries.soft[],free_stage_card_zhongxin_hospital_16zhong.json,Seed,persona_core,C,registered,
persona_cards.C.yuxuan.WMAIN.boundaries.style,free_stage_card_zhongxin_hospital_16zhong.json,Seed,persona_core,C,registered,
persona_cards.C.yuxuan.WMAIN.boundaries.voice_samples,free_stage_card_zhongxin_hospital_16zhong.json,Seed,persona_core,C,registered,
persona_cards.C.yuxuan.WMAIN.boundaries.voice_samples[],free_stage_card_zhongxin_hospital_16zhong.json,Seed,persona_core,C,registered,
persona_cards.C.yuxuan.WMAIN.constraints,free_stage_card_zhongxin_hospital_16zhong.json,Mixed,persona_core|storylet.invariants,C/D,registered,
persona_cards.C.yuxuan.WMAIN.constraints[],free_stage_card_zhongxin_hospital_16zhong.json,Mixed,persona_core|storylet.invariants,C/D,registered,
persona_cards.C.yuxuan.WMAIN.inner_state,free_stage_card_zhongxin_hospital_16zhong.json,Storylet,storylet.entry_affect,D,registered,
persona_cards.C.yuxuan.WMAIN.inner_state.knot,free_stage_card_zhongxin_hospital_16zhong.json,Storylet,storylet.entry_affect,D,registered,
persona_cards.C.yuxuan.WMAIN.inner_state.stance_to_player,free_stage_card_zhongxin_hospital_16zhong.json,Storylet,storylet.entry_affect,D,registered,
persona_cards.C.yuxuan.WMAIN.inner_state.unsaid,free_stage_card_zhongxin_hospital_16zhong.json,Storylet,storylet.entry_affect,D,registered,
persona_cards.C.yuxuan.WMAIN.inner_state.want_now,free_stage_card_zhongxin_hospital_16zhong.json,Storylet,storylet.entry_affect,D,registered,
persona_cards.C.yuxuan.WMAIN.name,free_stage_card_zhongxin_hospital_16zhong.json,Seed,archetypes/consciousnesses,A,registered,
persona_cards.C.yuxuan.WMAIN.voice_samples,free_stage_card_zhongxin_hospital_16zhong.json,Seed,persona_core,C,registered,
persona_cards.C.yuxuan.WMAIN.voice_samples[],free_stage_card_zhongxin_hospital_16zhong.json,Seed,persona_core,C,registered,
present,free_stage_card_zhongxin_hospital_16zhong.json,Storylet,node_contracts/meta,D,registered,
present[],free_stage_card_zhongxin_hospital_16zhong.json,Unclassified,TBD,?,registered,
scene,free_stage_card_zhongxin_hospital_16zhong.json,Storylet,node_contracts/meta,D,registered,
scene_frame,free_stage_card_zhongxin_hospital_16zhong.json,Storylet,node_contracts,D,registered,
scene_frame.frame_id,free_stage_card_zhongxin_hospital_16zhong.json,Storylet,node_contracts,D,registered,
scene_frame.reusable,free_stage_card_zhongxin_hospital_16zhong.json,Storylet,node_contracts,D,registered,
scene_frame.when,free_stage_card_zhongxin_hospital_16zhong.json,Storylet,node_contracts,D,registered,
scene_frame.where,free_stage_card_zhongxin_hospital_16zhong.json,Storylet,node_contracts,D,registered,
scene_frame.关系,free_stage_card_zhongxin_hospital_16zhong.json,Storylet,node_contracts,D,registered,
scene_frame.本视角叠加,free_stage_card_zhongxin_hospital_16zhong.json,Storylet,node_contracts,D,registered,
scene_frame.此刻想要什么,free_stage_card_zhongxin_hospital_16zhong.json,Storylet,node_contracts,D,registered,
scene_frame.物理底座,free_stage_card_zhongxin_hospital_16zhong.json,Storylet,node_contracts,D,registered,
scene_id,free_stage_card_zhongxin_hospital_16zhong.json,Storylet,node_contracts/meta,D,registered,
scene_source_excerpt,free_stage_card_zhongxin_hospital_16zhong.json,Storylet,node_contracts,D,registered,
scene_source_excerpt._note,free_stage_card_zhongxin_hospital_16zhong.json,Storylet,node_contracts,D,registered,
scene_source_excerpt.急诊找人,free_stage_card_zhongxin_hospital_16zhong.json,Storylet,node_contracts,D,registered,
scene_source_excerpt.手术室纱布青年,free_stage_card_zhongxin_hospital_16zhong.json,Storylet,node_contracts,D,registered,
scene_source_excerpt.装失忆与偷听,free_stage_card_zhongxin_hospital_16zhong.json,Storylet,node_contracts,D,registered,
scene_source_excerpt.银发伤员与侦探成立,free_stage_card_zhongxin_hospital_16zhong.json,Storylet,node_contracts,D,registered,
_frame_id,free_stage_card_zhongxin_hospital_weichu.json,Unclassified,TBD,?,registered,
_projection_note,free_stage_card_zhongxin_hospital_weichu.json,Unclassified,TBD,?,registered,
_projection_of,free_stage_card_zhongxin_hospital_weichu.json,Unclassified,TBD,?,registered,
_view,free_stage_card_zhongxin_hospital_weichu.json,Unclassified,TBD,?,registered,
ambient_stage,free_stage_card_zhongxin_hospital_weichu.json,Storylet,node_contracts,D,registered,
ambient_stage.急诊大厅,free_stage_card_zhongxin_hospital_weichu.json,Storylet,node_contracts,D,registered,
ambient_stage.手术室外,free_stage_card_zhongxin_hospital_weichu.json,Storylet,node_contracts,D,registered,
ambient_stage.走廊尽头,free_stage_card_zhongxin_hospital_weichu.json,Storylet,node_contracts,D,registered,
blurb,free_stage_card_zhongxin_hospital_weichu.json,Storylet,node_contracts,D,registered,
ch_anchor,free_stage_card_zhongxin_hospital_weichu.json,Storylet,node_contracts/meta,D,registered,
ch_span,free_stage_card_zhongxin_hospital_weichu.json,Unclassified,TBD,?,registered,
ch_span[],free_stage_card_zhongxin_hospital_weichu.json,Unclassified,TBD,?,registered,
clock,free_stage_card_zhongxin_hospital_weichu.json,Storylet,node_contracts/meta,D,registered,
current_event_terms,free_stage_card_zhongxin_hospital_weichu.json,Storylet,node_contracts,D,registered,
current_event_terms[],free_stage_card_zhongxin_hospital_weichu.json,Storylet,node_contracts,D,registered,
director_beats,free_stage_card_zhongxin_hospital_weichu.json,Storylet,node_contracts,D,registered,
director_beats[],free_stage_card_zhongxin_hospital_weichu.json,Storylet,node_contracts,D,registered,
director_beats[].after,free_stage_card_zhongxin_hospital_weichu.json,Unclassified,TBD,?,registered,
director_beats[].after[],free_stage_card_zhongxin_hospital_weichu.json,Unclassified,TBD,?,registered,
director_beats[].id,free_stage_card_zhongxin_hospital_weichu.json,Unclassified,TBD,?,registered,
director_beats[].role,free_stage_card_zhongxin_hospital_weichu.json,Unclassified,TBD,?,registered,
director_beats[].text,free_stage_card_zhongxin_hospital_weichu.json,Unclassified,TBD,?,registered,
director_only_characters,free_stage_card_zhongxin_hospital_weichu.json,Storylet,node_contracts,D,registered,
director_only_characters[],free_stage_card_zhongxin_hospital_weichu.json,Storylet,node_contracts,D,registered,
entry_hook,free_stage_card_zhongxin_hospital_weichu.json,Storylet,node_contracts,D,registered,
exits,free_stage_card_zhongxin_hospital_weichu.json,Storylet,node_contracts,D,registered,
exits[],free_stage_card_zhongxin_hospital_weichu.json,Storylet,node_contracts,D,registered,
exits[].bridge_hint,free_stage_card_zhongxin_hospital_weichu.json,Unclassified,TBD,?,registered,
exits[].exit_state,free_stage_card_zhongxin_hospital_weichu.json,Unclassified,TBD,?,registered,
exits[].target_card,free_stage_card_zhongxin_hospital_weichu.json,Unclassified,TBD,?,registered,
exits[].trigger,free_stage_card_zhongxin_hospital_weichu.json,Unclassified,TBD,?,registered,
locks,free_stage_card_zhongxin_hospital_weichu.json,Storylet,node_contracts,D,registered,
locks[],free_stage_card_zhongxin_hospital_weichu.json,Storylet,node_contracts,D,registered,
memory_layers,free_stage_card_zhongxin_hospital_weichu.json,Unclassified,TBD,?,registered,
memory_layers.context_memory,free_stage_card_zhongxin_hospital_weichu.json,Mixed,slow_memory|run,C/D,registered,
memory_layers.context_memory[],free_stage_card_zhongxin_hospital_weichu.json,Mixed,slow_memory|run,C/D,registered,
memory_layers.knowledge_gate,free_stage_card_zhongxin_hospital_weichu.json,Seed,knowledge_schedule,A,registered,
memory_layers.knowledge_gate[],free_stage_card_zhongxin_hospital_weichu.json,Seed,knowledge_schedule,A,registered,
memory_layers.relationship_memory,free_stage_card_zhongxin_hospital_weichu.json,Mixed,REL|run,C/D,registered,
memory_layers.relationship_memory[],free_stage_card_zhongxin_hospital_weichu.json,Mixed,REL|run,C/D,registered,
must_happen,free_stage_card_zhongxin_hospital_weichu.json,Storylet,node_contracts,D,registered,
must_happen[],free_stage_card_zhongxin_hospital_weichu.json,Storylet,node_contracts,D,registered,
must_happen[].desc,free_stage_card_zhongxin_hospital_weichu.json,Unclassified,TBD,?,registered,
must_happen[].evidence,free_stage_card_zhongxin_hospital_weichu.json,Unclassified,TBD,?,registered,
must_happen[].frame_beat,free_stage_card_zhongxin_hospital_weichu.json,Unclassified,TBD,?,registered,
must_happen[].frame_beat[],free_stage_card_zhongxin_hospital_weichu.json,Unclassified,TBD,?,registered,
must_happen[].id,free_stage_card_zhongxin_hospital_weichu.json,Unclassified,TBD,?,registered,
persona_cards,free_stage_card_zhongxin_hospital_weichu.json,Unclassified,TBD,?,registered,
persona_cards.C.weichu.WMAIN,free_stage_card_zhongxin_hospital_weichu.json,Mixed,see_leaf,?,registered,
persona_cards.C.weichu.WMAIN.boundaries,free_stage_card_zhongxin_hospital_weichu.json,Seed,persona_core,C,registered,
persona_cards.C.weichu.WMAIN.boundaries.hard,free_stage_card_zhongxin_hospital_weichu.json,Seed,persona_core,C,registered,
persona_cards.C.weichu.WMAIN.boundaries.hard[],free_stage_card_zhongxin_hospital_weichu.json,Seed,persona_core,C,registered,
persona_cards.C.weichu.WMAIN.boundaries.soft,free_stage_card_zhongxin_hospital_weichu.json,Seed,persona_core,C,registered,
persona_cards.C.weichu.WMAIN.boundaries.soft[],free_stage_card_zhongxin_hospital_weichu.json,Seed,persona_core,C,registered,
persona_cards.C.weichu.WMAIN.boundaries.style,free_stage_card_zhongxin_hospital_weichu.json,Seed,persona_core,C,registered,
persona_cards.C.weichu.WMAIN.boundaries.voice_samples,free_stage_card_zhongxin_hospital_weichu.json,Seed,persona_core,C,registered,
persona_cards.C.weichu.WMAIN.boundaries.voice_samples[],free_stage_card_zhongxin_hospital_weichu.json,Seed,persona_core,C,registered,
persona_cards.C.weichu.WMAIN.constraints,free_stage_card_zhongxin_hospital_weichu.json,Mixed,persona_core|storylet.invariants,C/D,registered,
persona_cards.C.weichu.WMAIN.constraints[],free_stage_card_zhongxin_hospital_weichu.json,Mixed,persona_core|storylet.invariants,C/D,registered,
persona_cards.C.weichu.WMAIN.inner_state,free_stage_card_zhongxin_hospital_weichu.json,Storylet,storylet.entry_affect,D,registered,
persona_cards.C.weichu.WMAIN.inner_state.knot,free_stage_card_zhongxin_hospital_weichu.json,Storylet,storylet.entry_affect,D,registered,
persona_cards.C.weichu.WMAIN.inner_state.stance_to_player,free_stage_card_zhongxin_hospital_weichu.json,Storylet,storylet.entry_affect,D,registered,
persona_cards.C.weichu.WMAIN.inner_state.unsaid,free_stage_card_zhongxin_hospital_weichu.json,Storylet,storylet.entry_affect,D,registered,
persona_cards.C.weichu.WMAIN.inner_state.want_now,free_stage_card_zhongxin_hospital_weichu.json,Storylet,storylet.entry_affect,D,registered,
persona_cards.C.weichu.WMAIN.name,free_stage_card_zhongxin_hospital_weichu.json,Seed,archetypes/consciousnesses,A,registered,
persona_cards.C.weichu.WMAIN.voice_samples,free_stage_card_zhongxin_hospital_weichu.json,Seed,persona_core,C,registered,
persona_cards.C.weichu.WMAIN.voice_samples[],free_stage_card_zhongxin_hospital_weichu.json,Seed,persona_core,C,registered,
present,free_stage_card_zhongxin_hospital_weichu.json,Storylet,node_contracts/meta,D,registered,
present[],free_stage_card_zhongxin_hospital_weichu.json,Unclassified,TBD,?,registered,
scene,free_stage_card_zhongxin_hospital_weichu.json,Storylet,node_contracts/meta,D,registered,
scene_frame,free_stage_card_zhongxin_hospital_weichu.json,Storylet,node_contracts,D,registered,
scene_frame.frame_id,free_stage_card_zhongxin_hospital_weichu.json,Storylet,node_contracts,D,registered,
scene_frame.reusable,free_stage_card_zhongxin_hospital_weichu.json,Storylet,node_contracts,D,registered,
scene_frame.when,free_stage_card_zhongxin_hospital_weichu.json,Storylet,node_contracts,D,registered,
scene_frame.where,free_stage_card_zhongxin_hospital_weichu.json,Storylet,node_contracts,D,registered,
scene_frame.关系,free_stage_card_zhongxin_hospital_weichu.json,Storylet,node_contracts,D,registered,
scene_frame.本视角叠加,free_stage_card_zhongxin_hospital_weichu.json,Storylet,node_contracts,D,registered,
scene_frame.此刻想要什么,free_stage_card_zhongxin_hospital_weichu.json,Storylet,node_contracts,D,registered,
scene_frame.物理底座,free_stage_card_zhongxin_hospital_weichu.json,Storylet,node_contracts,D,registered,
scene_id,free_stage_card_zhongxin_hospital_weichu.json,Storylet,node_contracts/meta,D,registered,
scene_source_excerpt,free_stage_card_zhongxin_hospital_weichu.json,Storylet,node_contracts,D,registered,
scene_source_excerpt._note,free_stage_card_zhongxin_hospital_weichu.json,Storylet,node_contracts,D,registered,
scene_source_excerpt.真纪拥抱,free_stage_card_zhongxin_hospital_weichu.json,Storylet,node_contracts,D,registered,
scene_source_excerpt.装失忆,free_stage_card_zhongxin_hospital_weichu.json,Storylet,node_contracts,D,registered,
scene_source_excerpt.银发推出,free_stage_card_zhongxin_hospital_weichu.json,Storylet,node_contracts,D,registered,
scene_source_excerpt.魏初与修哉,free_stage_card_zhongxin_hospital_weichu.json,Storylet,node_contracts,D,registered,
scene_source_excerpt.魏初离院,free_stage_card_zhongxin_hospital_weichu.json,Storylet,node_contracts,D,registered,
